,";",".","program","id",",","const","+","-","num","'","letter","array","[","]","of","record","integer","real","boolean","char","digits","..","epsilon","procedure","function","(",")","var","begin","end","assignop","if","then","else","for","to","do","read","write","relop","addop","mulop","not","uminus",":","=","while","$","program_struct","program_head","program_body","idlist","const_declarations","const_declaration","const_value","var_declarations","var_declaration","type","basic_type","record_type","field_list","fixed_fields","period","subprogram_declarations","subprogram","subprogram_head","subprogram_body","formal_parameter","parameter_list","parameter","var_parameter","value_parameter","compound_statement","statement_list","statement","variable_list","variable","id_varpart","procedure_call","else_part","expression_list","expression","simple_expression","term","factor",
0,,,S3,,,,,,,,,,,,,,,,,,,,,,,,,,,,,,,,,,,,,,,,,,,,,,1,2,,,,,,,,,,,,,,,,,,,,,,,,,,,,,,,,,,,,
1,,,,,,,,,,,,,,,,,,,,,,,,,,,,,,,,,,,,,,,,,,,,,,,,ACC,,,,,,,,,,,,,,,,,,,,,,,,,,,,,,,,,,,,,,
2,S4,,,,,,,,,,,,,,,,,,,,,,,,,,,,,,,,,,,,,,,,,,,,,,,,,,,,,,,,,,,,,,,,,,,,,,,,,,,,,,,,,,,,,
3,,,,S5,,,,,,,,,,,,,,,,,,,,,,,,,,,,,,,,,,,,,,,,,,,,,,,,,,,,,,,,,,,,,,,,,,,,,,,,,,,,,,,,,,
4,,,,,,S8,,,,,,,,,,,,,,,,,,R8,R8,,,R8,R8,,,,,,,,,,,,,,,,,,,,,,6,,7,,,,,,,,,,,,,,,,,,,,,,,,,,,,,,,,,
5,R3,,,,,,,,,,,,,,,,,,,,,,,,,S9,,,,,,,,,,,,,,,,,,,,,,,,,,,,,,,,,,,,,,,,,,,,,,,,,,,,,,,,,,,,
6,,S10,,,,,,,,,,,,,,,,,,,,,,,,,,,,,,,,,,,,,,,,,,,,,,,,,,,,,,,,,,,,,,,,,,,,,,,,,,,,,,,,,,,,
7,,,,,,,,,,,,,,,,,,,,,,,,R16,R16,,,S12,R16,,,,,,,,,,,,,,,,,,,,,,,,,,,11,,,,,,,,,,,,,,,,,,,,,,,,,,,,,,
8,,,,S14,,,,,,,,,,,,,,,,,,,,,,,,,,,,,,,,,,,,,,,,,,,,,,,,,,13,,,,,,,,,,,,,,,,,,,,,,,,,,,,,,,,
9,,,,S16,,,,,,,,,,,,,,,,,,,,,,,,,,,,,,,,,,,,,,,,,,,,,,,,15,,,,,,,,,,,,,,,,,,,,,,,,,,,,,,,,,,
10,,,,,,,,,,,,,,,,,,,,,,,,,,,,,,,,,,,,,,,,,,,,,,,,R1,,,,,,,,,,,,,,,,,,,,,,,,,,,,,,,,,,,,,,
11,,,,,,,,,,,,,,,,,,,,,,,,R30,R30,,,,R30,,,,,,,,,,,,,,,,,,,,,,,,,,,,,,,,,,,17,,,,,,,,,,,,,,,,,,,,,,
12,,,,S20,,,,,,,,,,,,,,,,,,,,,,,,,,,,,,,,,,,,,,,,,,,,,,,,18,,,,,19,,,,,,,,,,,,,,,,,,,,,,,,,,,,,
13,S21,,,,,,,,,,,,,,,,,,,,,,,,,,,,,,,,,,,,,,,,,,,,,,,,,,,,,,,,,,,,,,,,,,,,,,,,,,,,,,,,,,,,,
14,,,,,,,,,,,,,,,,,,,,,,,,,,,,,,,,,,,,,,,,,,,,,,S22,,,,,,,,,,,,,,,,,,,,,,,,,,,,,,,,,,,,,,,,
15,,,,,S23,,,,,,,,,,,,,,,,,,,,,,S24,,,,,,,,,,,,,,,,,,,,,,,,,,,,,,,,,,,,,,,,,,,,,,,,,,,,,,,,,,,
16,,,,,R6,,,,,,,,,,,,,,,,,,,,,,R6,,,,,,,,,,,,,,,,,,,,,,,,,,,,,,,,,,,,,,,,,,,,,,,,,,,,,,,,,,,
17,,,,,,,,,,,,,,,,,,,,,,,,S28,S29,,,,S30,,,,,,,,,,,,,,,,,,,,,,,,,,,,,,,,,,,,25,26,,,,,,,27,,,,,,,,,,,,,
18,,,,,S31,,,,,,,,,,,,,,,,,,,,,,,,,,,,,,,,,,,,,,,,S32,,,,,,,,,,,,,,,,,,,,,,,,,,,,,,,,,,,,,,,,,
19,S33,,,,,,,,,,,,,,,,,,,,,,,,,,,,,,,,,,,,,,,,,,,,,,,,,,,,,,,,,,,,,,,,,,,,,,,,,,,,,,,,,,,,,
20,,,,,R6,,,,,,,,,,,,,,,,,,,,,,,,,,,,,,,,,,,,,,,,R6,,,,,,,,,,,,,,,,,,,,,,,,,,,,,,,,,,,,,,,,,
21,,,,S34,,,,,,,,,,,,,,,,,,,,R7,R7,,,R7,R7,,,,,,,,,,,,,,,,,,,,,,,,,,,,,,,,,,,,,,,,,,,,,,,,,,,,,,,,,
22,,,,,,,S36,S37,S38,S39,,,,,,,,,,,,,,,,,,,,,,,,,,,,,,,,,,,,,,,,,,,,,35,,,,,,,,,,,,,,,,,,,,,,,,,,,,,,,
23,,,,S40,,,,,,,,,,,,,,,,,,,,,,,,,,,,,,,,,,,,,,,,,,,,,,,,,,,,,,,,,,,,,,,,,,,,,,,,,,,,,,,,,,
24,R2,,,,,,,,,,,,,,,,,,,,,,,,,,,,,,,,,,,,,,,,,,,,,,,,,,,,,,,,,,,,,,,,,,,,,,,,,,,,,,,,,,,,,
25,S41,,,,,,,,,,,,,,,,,,,,,,,,,,,,,,,,,,,,,,,,,,,,,,,,,,,,,,,,,,,,,,,,,,,,,,,,,,,,,,,,,,,,,
26,S42,,,,,,,,,,,,,,,,,,,,,,,,,,,,,,,,,,,,,,,,,,,,,,,,,,,,,,,,,,,,,,,,,,,,,,,,,,,,,,,,,,,,,
27,,R4,,,,,,,,,,,,,,,,,,,,,,,,,,,,,,,,,,,,,,,,,,,,,,,,,,,,,,,,,,,,,,,,,,,,,,,,,,,,,,,,,,,,
28,,,,S43,,,,,,,,,,,,,,,,,,,,,,,,,,,,,,,,,,,,,,,,,,,,,,,,,,,,,,,,,,,,,,,,,,,,,,,,,,,,,,,,,,
29,,,,S44,,,,,,,,,,,,,,,,,,,,,,,,,,,,,,,,,,,,,,,,,,,,,,,,,,,,,,,,,,,,,,,,,,,,,,,,,,,,,,,,,,
30,R58,,,S50,,,,,,,,,,,,,,,,,,,,,,,,,S51,R58,,S52,,,S53,,,S54,S55,,,,,,,,S56,,,,,,,,,,,,,,,,,,,,,,,,,,45,46,47,,48,,49,,,,,,,
31,,,,S57,,,,,,,,,,,,,,,,,,,,,,,,,,,,,,,,,,,,,,,,,,,,,,,,,,,,,,,,,,,,,,,,,,,,,,,,,,,,,,,,,,
32,,,,,,,,,,,,S61,,,,S62,S63,S64,S65,S66,,,,,,,,,,,,,,,,,,,,,,,,,,,,,,,,,,,,,,58,59,60,,,,,,,,,,,,,,,,,,,,,,,,,,
33,,,,S20,,,,,,,,,,,,,,,,,,,,R15,R15,,,,R15,,,,,,,,,,,,,,,,,,,,,,,67,,,,,,,,,,,,,,,,,,,,,,,,,,,,,,,,,,
34,,,,,,,,,,,,,,,,,,,,,,,,,,,,,,,,,,,,,,,,,,,,,,S68,,,,,,,,,,,,,,,,,,,,,,,,,,,,,,,,,,,,,,,,
35,R10,,,,,,,,,,,,,,,,,,,,,,,,,,,,,,,,,,,,,,,,,,,,,,,,,,,,,,,,,,,,,,,,,,,,,,,,,,,,,,,,,,,,,
36,,,,,,,,,S69,,,,,,,,,,,,,,,,,,,,,,,,,,,,,,,,,,,,,,,,,,,,,,,,,,,,,,,,,,,,,,,,,,,,,,,,,,,,,
37,,,,,,,,,S70,,,,,,,,,,,,,,,,,,,,,,,,,,,,,,,,,,,,,,,,,,,,,,,,,,,,,,,,,,,,,,,,,,,,,,,,,,,,,
38,R13,,,,,,,,,,,,,,,,,,,,,,,,,,,,,,,,,,,,,,,,,,,,,,,,,,,,,,,,,,,,,,,,,,,,,,,,,,,,,,,,,,,,,
39,,,,,,,,,,,S71,,,,,,,,,,,,,,,,,,,,,,,,,,,,,,,,,,,,,,,,,,,,,,,,,,,,,,,,,,,,,,,,,,,,,,,,,,,
40,,,,,R5,,,,,,,,,,,,,,,,,,,,,,R5,,,,,,,,,,,,,,,,,,,,,,,,,,,,,,,,,,,,,,,,,,,,,,,,,,,,,,,,,,,
41,,,,,,,,,,,,,,,,,,,,,,,,R29,R29,,,,R29,,,,,,,,,,,,,,,,,,,,,,,,,,,,,,,,,,,,,,,,,,,,,,,,,,,,,,,,,
42,,,,,,S8,,,,,,,,,,,,,,,,,,R8,R8,,,R8,R8,,,,,,,,,,,,,,,,,,,,,,,,72,,,,,,,,,,,,,,73,,,,,,,,,,,,,,,,,,,
43,R35,,,,,,,,,,,,,,,,,,,,,,,,,S75,,,,,,,,,,,,,,,,,,,,,,,,,,,,,,,,,,,,,,,,,,74,,,,,,,,,,,,,,,,,,
44,,,,,,,,,,,,,,,,,,,,,,,,,,S77,,,,,,,,,,,,,,,,,,,R35,,,,,,,,,,,,,,,,,,,,,,,76,,,,,,,,,,,,,,,,,,
45,R52,,,,,,,,,,,,,,,,,,,,,,,,,,,,,R52,,,,,,,,,,,,,,,,,,,,,,,,,,,,,,,,,,,,,,,,,,,,,,,,,,,,,,,,
46,S78,,,,,,,,,,,,,,,,,,,,,,,,,,,,,S79,,,,,,,,,,,,,,,,,,,,,,,,,,,,,,,,,,,,,,,,,,,,,,,,,,,,,,,,
47,R49,,,,,,,,,,,,,,,,,,,,,,,,,,,,,R49,,,,,,,,,,,,,,,,,,,,,,,,,,,,,,,,,,,,,,,,,,,,,,,,,,,,,,,,
48,,,,,,,,,,,,,,,,,,,,,,,,,,,,,,,S80,,,,,,,,,,,,,,,,,,,,,,,,,,,,,,,,,,,,,,,,,,,,,,,,,,,,,,,
49,R51,,,,,,,,,,,,,,,,,,,,,,,,,,,,,R51,,,,,,,,,,,,,,,,,,,,,,,,,,,,,,,,,,,,,,,,,,,,,,,,,,,,,,,,
50,R65,S82,,,,,,,,,,,S83,,,,,,,,,,,,,S84,,,,R65,R64,,,,,,,,,,,,,,,,,,,,,,,,,,,,,,,,,,,,,,,,,,,,,,,81,,,,,,,,
51,R58,,,S50,,,,,,,,,,,,,,,,,,,,,,,,,S51,R58,,S52,,,S53,,,S54,S55,,,,,,,,S56,,,,,,,,,,,,,,,,,,,,,,,,,,45,85,47,,48,,49,,,,,,,
52,,,,S91,,,,S92,S93,S94,,,,,,,,,,,,,,,,S95,,,,,,,,,,,,,,,,,S96,,,,,,,,,,,,,,,,,,,,,,,,,,,,,,,,,,86,,,,,87,88,89,90,
53,,,,S97,,,,,,,,,,,,,,,,,,,,,,,,,,,,,,,,,,,,,,,,,,,,,,,,,,,,,,,,,,,,,,,,,,,,,,,,,,,,,,,,,,
54,,,,,,,,,,,,,,,,,,,,,,,,,,S98,,,,,,,,,,,,,,,,,,,,,,,,,,,,,,,,,,,,,,,,,,,,,,,,,,,,,,,,,,,,
55,,,,,,,,,,,,,,,,,,,,,,,,,,S99,,,,,,,,,,,,,,,,,,,,,,,,,,,,,,,,,,,,,,,,,,,,,,,,,,,,,,,,,,,,
56,,,,S105,,,,S106,S107,S108,,,,,,,,,,,,,,,,S109,,,,,,,,,,,,,,,,,S110,,,,,,,,,,,,,,,,,,,,,,,,,,,,,,,,,,100,,,,,101,102,103,104,
57,,,,,R5,,,,,,,,,,,,,,,,,,,,,,,,,,,,,,,,,,,,,,,,R5,,,,,,,,,,,,,,,,,,,,,,,,,,,,,,,,,,,,,,,,,
58,R18,,,,,,,,,,,,,,,,,,,,,,,,,,,,,,,,,,,,,,,,,,,,,,,,,,,,,,,,,,,,,,,,,,,,,,,,,,,,,,,,,,,,,
59,R19,,,,,,,,,,,,,,,,,,,,,,,,,,,,,,,,,,,,,,,,,,,,,,,,,,,,,,,,,,,,,,,,,,,,,,,,,,,,,,,,,,,,,
60,R21,,,,,,,,,,,,,,,,,,,,,,,,,,,,,,,,,,,,,,,,,,,,,,,,,,,,,,,,,,,,,,,,,,,,,,,,,,,,,,,,,,,,,
61,,,,,,,,,,,,,S111,,,,,,,,,,,,,,,,,,,,,,,,,,,,,,,,,,,,,,,,,,,,,,,,,,,,,,,,,,,,,,,,,,,,,,,,,
62,,,,S20,,,,,,,,,,,,,,,,,,,,,,,,,,,,,,,,,,,,,,,,,,,,,,,,112,,,,,,,,,113,114,,,,,,,,,,,,,,,,,,,,,,,,
63,R42,,,,,,,,,,,,,,,,,,,,,,,,,,,,,,,,,,,,,,,,,,,,,,,,,,,,,,,,,,,,,,,,,,,,,,,,,,,,,,,,,,,,,
64,R43,,,,,,,,,,,,,,,,,,,,,,,,,,,,,,,,,,,,,,,,,,,,,,,,,,,,,,,,,,,,,,,,,,,,,,,,,,,,,,,,,,,,,
65,R44,,,,,,,,,,,,,,,,,,,,,,,,,,,,,,,,,,,,,,,,,,,,,,,,,,,,,,,,,,,,,,,,,,,,,,,,,,,,,,,,,,,,,
66,R45,,,,,,,,,,,,,,,,,,,,,,,,,,,,,,,,,,,,,,,,,,,,,,,,,,,,,,,,,,,,,,,,,,,,,,,,,,,,,,,,,,,,,
67,,,,,S31,,,,,,,,,,,,,,,,,,,,,,,,,,,,,,,,,,,,,,,,S115,,,,,,,,,,,,,,,,,,,,,,,,,,,,,,,,,,,,,,,,,
68,,,,,,,S36,S37,S38,S39,,,,,,,,,,,,,,,,,,,,,,,,,,,,,,,,,,,,,,,,,,,,,116,,,,,,,,,,,,,,,,,,,,,,,,,,,,,,,
69,R11,,,,,,,,,,,,,,,,,,,,,,,,,,,,,,,,,,,,,,,,,,,,,,,,,,,,,,,,,,,,,,,,,,,,,,,,,,,,,,,,,,,,,
70,R12,,,,,,,,,,,,,,,,,,,,,,,,,,,,,,,,,,,,,,,,,,,,,,,,,,,,,,,,,,,,,,,,,,,,,,,,,,,,,,,,,,,,,
71,,,,,,,,,,S117,,,,,,,,,,,,,,,,,,,,,,,,,,,,,,,,,,,,,,,,,,,,,,,,,,,,,,,,,,,,,,,,,,,,,,,,,,,,
72,,,,,,,,,,,,,,,,,,,,,,,,,,,,S119,R16,,,,,,,,,,,,,,,,,,,,,,,,,,,118,,,,,,,,,,,,,,,,,,,,,,,,,,,,,,
73,R31,,,,,,,,,,,,,,,,,,,,,,,,,,,,,,,,,,,,,,,,,,,,,,,,,,,,,,,,,,,,,,,,,,,,,,,,,,,,,,,,,,,,,
74,R32,,,,,,,,,,,,,,,,,,,,,,,,,,,,,,,,,,,,,,,,,,,,,,,,,,,,,,,,,,,,,,,,,,,,,,,,,,,,,,,,,,,,,
75,,,,S20,,,,,,,,,,,,,,,,,,,,,,,,S125,,,,,,,,,,,,,,,,,,,,,,,,120,,,,,,,,,,,,,,,,,121,122,123,124,,,,,,,,,,,,,,
76,,,,,,,,,,,,,,,,,,,,,,,,,,,,,,,,,,,,,,,,,,,,,S126,,,,,,,,,,,,,,,,,,,,,,,,,,,,,,,,,,,,,,,,,
77,,,,S20,,,,,,,,,,,,,,,,,,,,,,,,S125,,,,,,,,,,,,,,,,,,,,,,,,120,,,,,,,,,,,,,,,,,127,122,123,124,,,,,,,,,,,,,,
78,R58,,,S50,,,,,,,,,,,,,,,,,,,,,,,,,S51,R58,,S52,,,S53,,,S54,S55,,,,,,,,S56,,,,,,,,,,,,,,,,,,,,,,,,,,45,,128,,48,,49,,,,,,,
79,,R47,,,,,,,,,,,,,,,,,,,,,,,,,,,,,,,,,,,,,,,,,,,,,,,,,,,,,,,,,,,,,,,,,,,,,,,,,,,,,,,,,,,,
80,,,,S134,,,,S135,S136,S137,,,,,,,,,,,,,,,,S138,,,,,,,,,,,,,,,,,S139,,,,,,,,,,,,,,,,,,,,,,,,,,,,,,,,,,129,,,,,130,131,132,133,
81,,,,,,,,,,,,,,,,,,,,,,,,,,,,,,,R61,,,,,,,,,,,,,,,,,,,,,,,,,,,,,,,,,,,,,,,,,,,,,,,,,,,,,,,
82,,,,S141,,,,,,,,,,,,,,,,,,,,,,,,,,,,,,,,,,,,,,,,,,,,,,,,,,,,,,,,,,,,,,,,,,,,,,,,,140,,,,,,,,,
83,,,,S148,,,,S149,S150,S151,,,,,,,,,,,,,,,,S152,,,,,,,,,,,,,,,,,S153,,,,,,,,,,,,,,,,,,,,,,,,,,,,,,,,,,142,,,,143,144,145,146,147,
84,,,,S160,,,,S161,S162,S163,,,,,,,,,,,,,,,,S164,,,,,,,,,,,,,,,,,S165,,,,,,,,,,,,,,,,,,,,,,,,,,,,,,,,,,154,,,,155,156,157,158,159,
85,S78,,,,,,,,,,,,,,,,,,,,,,,,,,,,,S166,,,,,,,,,,,,,,,,,,,,,,,,,,,,,,,,,,,,,,,,,,,,,,,,,,,,,,,,
86,,,,,,,,,,,,,,,,,,,,,,,,,,,,,,,,,R78,,,,,,,R78,R78,R78,,,,,,,,,,,,,,,,,,,,,,,,,,,,,,,,,,,,,,,,,,,,
87,,,,,,,,,,,,,,,,,,,,,,,,,,,,,,,,,S167,,,,,,,,,,,,,,,,,,,,,,,,,,,,,,,,,,,,,,,,,,,,,,,,,,,,,
88,,,,,,,,,,,,,,,,,,,,,,,,,,,,,,,,,R72,,,,,,,S168,S169,,,,,,,,,,,,,,,,,,,,,,,,,,,,,,,,,,,,,,,,,,,,,
89,,,,,,,,,,,,,,,,,,,,,,,,,,,,,,,,,R74,,,,,,,R74,R74,S170,,,,,,,,,,,,,,,,,,,,,,,,,,,,,,,,,,,,,,,,,,,,
90,,,,,,,,,,,,,,,,,,,,,,,,,,,,,,,,,R76,,,,,,,R76,R76,R76,,,,,,,,,,,,,,,,,,,,,,,,,,,,,,,,,,,,,,,,,,,,
91,,S172,,,,,,,,,,,S173,,,,,,,,,,,,,S174,,,,,,,R64,,,,,,,R64,R64,R64,,,,,,,,,,,,,,,,,,,,,,,,,,,,,,,,,,,,171,,,,,,,,
92,,,,S91,,,,S92,S93,S94,,,,,,,,,,,,,,,,S95,,,,,,,,,,,,,,,,,S96,,,,,,,,,,,,,,,,,,,,,,,,,,,,,,,,,,86,,,,,,,,175,
93,,,,,,,,,,,,,,,,,,,,,,,,,,,,,,,,,R77,,,,,,,R77,R77,R77,,,,,,,,,,,,,,,,,,,,,,,,,,,,,,,,,,,,,,,,,,,,
94,,,,,,,,,,,S176,,,,,,,,,,,,,,,,,,,,,,,,,,,,,,,,,,,,,,,,,,,,,,,,,,,,,,,,,,,,,,,,,,,,,,,,,,,
95,,,,S182,,,,S183,S184,S185,,,,,,,,,,,,,,,,S186,,,,,,,,,,,,,,,,,S187,,,,,,,,,,,,,,,,,,,,,,,,,,,,,,,,,,177,,,,,178,179,180,181,
96,,,,S91,,,,S92,S93,S94,,,,,,,,,,,,,,,,S95,,,,,,,,,,,,,,,,,S96,,,,,,,,,,,,,,,,,,,,,,,,,,,,,,,,,,86,,,,,,,,188,
97,,,,,,,,,,,,,,,,,,,,,,,,,,,,,,,S189,,,,,,,,,,,,,,,,,,,,,,,,,,,,,,,,,,,,,,,,,,,,,,,,,,,,,,,
98,,,,S192,,,,,,,,,,,,,,,,,,,,,,,,,,,,,,,,,,,,,,,,,,,,,,,,,,,,,,,,,,,,,,,,,,,,,,,,190,191,,,,,,,,,
99,,,,S160,,,,S161,S162,S163,,,,,,,,,,,,,,,,S164,,,,,,,,,,,,,,,,,S165,,,,,,,,,,,,,,,,,,,,,,,,,,,,,,,,,,154,,,,193,156,157,158,159,
100,,,,,,,,,,,,,,,,,,,,,,,,,,,,,,,,,,,,,R78,,,R78,R78,R78,,,,,,,,,,,,,,,,,,,,,,,,,,,,,,,,,,,,,,,,,,,,
101,,,,,,,,,,,,,,,,,,,,,,,,,,,,,,,,,,,,,S194,,,,,,,,,,,,,,,,,,,,,,,,,,,,,,,,,,,,,,,,,,,,,,,,,
102,,,,,,,,,,,,,,,,,,,,,,,,,,,,,,,,,,,,,R72,,,S195,S196,,,,,,,,,,,,,,,,,,,,,,,,,,,,,,,,,,,,,,,,,,,,,
103,,,,,,,,,,,,,,,,,,,,,,,,,,,,,,,,,,,,,R74,,,R74,R74,S197,,,,,,,,,,,,,,,,,,,,,,,,,,,,,,,,,,,,,,,,,,,,
104,,,,,,,,,,,,,,,,,,,,,,,,,,,,,,,,,,,,,R76,,,R76,R76,R76,,,,,,,,,,,,,,,,,,,,,,,,,,,,,,,,,,,,,,,,,,,,
105,,S199,,,,,,,,,,,S200,,,,,,,,,,,,,S201,,,,,,,,,,,R64,,,R64,R64,R64,,,,,,,,,,,,,,,,,,,,,,,,,,,,,,,,,,,,198,,,,,,,,
106,,,,S105,,,,S106,S107,S108,,,,,,,,,,,,,,,,S109,,,,,,,,,,,,,,,,,S110,,,,,,,,,,,,,,,,,,,,,,,,,,,,,,,,,,100,,,,,,,,202,
107,,,,,,,,,,,,,,,,,,,,,,,,,,,,,,,,,,,,,R77,,,R77,R77,R77,,,,,,,,,,,,,,,,,,,,,,,,,,,,,,,,,,,,,,,,,,,,
108,,,,,,,,,,,S203,,,,,,,,,,,,,,,,,,,,,,,,,,,,,,,,,,,,,,,,,,,,,,,,,,,,,,,,,,,,,,,,,,,,,,,,,,,
109,,,,S182,,,,S183,S184,S185,,,,,,,,,,,,,,,,S186,,,,,,,,,,,,,,,,,S187,,,,,,,,,,,,,,,,,,,,,,,,,,,,,,,,,,177,,,,,204,179,180,181,
110,,,,S105,,,,S106,S107,S108,,,,,,,,,,,,,,,,S109,,,,,,,,,,,,,,,,,S110,,,,,,,,,,,,,,,,,,,,,,,,,,,,,,,,,,100,,,,,,,,205,
111,,,,,,,,,S207,,,,,,,,,,,,,,,,,,,,,,,,,,,,,,,,,,,,,,,,,,,,,,,,,,,,,,206,,,,,,,,,,,,,,,,,,,,,,,
112,,,,,S31,,,,,,,,,,,,,,,,,,,,,,,,,,,,,,,,,,,,,,,,S208,,,,,,,,,,,,,,,,,,,,,,,,,,,,,,,,,,,,,,,,,
113,,,,,,,,,,,,,,,,,,,,,,,,,,,,,,S209,,,,,,,,,,,,,,,,,,,,,,,,,,,,,,,,,,,,,,,,,,,,,,,,,,,,,,,,
114,S210,,,,,,,,,,,,,,,,,,,,,,,,,,,,,,,,,,,,,,,,,,,,,,,,,,,,,,,,,,,,,,,,,,,,,,,,,,,,,,,,,,,,,
115,,,,,,,,,,,,S61,,,,S62,S63,S64,S65,S66,,,,,,,,,,,,,,,,,,,,,,,,,,,,,,,,,,,,,,211,59,60,,,,,,,,,,,,,,,,,,,,,,,,,,
116,R9,,,,,,,,,,,,,,,,,,,,,,,,,,,,,,,,,,,,,,,,,,,,,,,,,,,,,,,,,,,,,,,,,,,,,,,,,,,,,,,,,,,,,
117,R14,,,,,,,,,,,,,,,,,,,,,,,,,,,,,,,,,,,,,,,,,,,,,,,,,,,,,,,,,,,,,,,,,,,,,,,,,,,,,,,,,,,,,
118,,,,,,,,,,,,,,,,,,,,,,,,,,,,,S213,,,,,,,,,,,,,,,,,,,,,,,,,,,,,,,,,,,,,,,,,,,,212,,,,,,,,,,,,,
119,,,,S20,,,,,,,,,,,,,,,,,,,,,,,,,,,,,,,,,,,,,,,,,,,,,,,,18,,,,,214,,,,,,,,,,,,,,,,,,,,,,,,,,,,,
120,,,,,S31,,,,,,,,,,,,,,,,,,,,,,,,,,,,,,,,,,,,,,,,S215,,,,,,,,,,,,,,,,,,,,,,,,,,,,,,,,,,,,,,,,,
121,S216,,,,,,,,,,,,,,,,,,,,,,,,,,S217,,,,,,,,,,,,,,,,,,,,,,,,,,,,,,,,,,,,,,,,,,,,,,,,,,,,,,,,,,,
122,R37,,,,,,,,,,,,,,,,,,,,,,,,,,R37,,,,,,,,,,,,,,,,,,,,,,,,,,,,,,,,,,,,,,,,,,,,,,,,,,,,,,,,,,,
123,R38,,,,,,,,,,,,,,,,,,,,,,,,,,R38,,,,,,,,,,,,,,,,,,,,,,,,,,,,,,,,,,,,,,,,,,,,,,,,,,,,,,,,,,,
124,R39,,,,,,,,,,,,,,,,,,,,,,,,,,R39,,,,,,,,,,,,,,,,,,,,,,,,,,,,,,,,,,,,,,,,,,,,,,,,,,,,,,,,,,,
125,,,,S20,,,,,,,,,,,,,,,,,,,,,,,,,,,,,,,,,,,,,,,,,,,,,,,,120,,,,,,,,,,,,,,,,,,,,218,,,,,,,,,,,,,,
126,,,,,,,,,,,,,,,,,S63,S64,S65,S66,,,,,,,,,,,,,,,,,,,,,,,,,,,,,,,,,,,,,,,219,,,,,,,,,,,,,,,,,,,,,,,,,,,
127,S216,,,,,,,,,,,,,,,,,,,,,,,,,,S220,,,,,,,,,,,,,,,,,,,,,,,,,,,,,,,,,,,,,,,,,,,,,,,,,,,,,,,,,,,
128,R48,,,,,,,,,,,,,,,,,,,,,,,,,,,,,R48,,,,,,,,,,,,,,,,,,,,,,,,,,,,,,,,,,,,,,,,,,,,,,,,,,,,,,,,
129,R78,,,,,,,,,,,,,,,,,,,,,,,,,,,,,R78,,,,,,,,,,R78,R78,R78,,,,,,,,,,,,,,,,,,,,,,,,,,,,,,,,,,,,,,,,,,,,
130,R50,,,,,,,,,,,,,,,,,,,,,,,,,,,,,R50,,,,,,,,,,,,,,,,,,,,,,,,,,,,,,,,,,,,,,,,,,,,,,,,,,,,,,,,
131,R72,,,,,,,,,,,,,,,,,,,,,,,,,,,,,R72,,,,,,,,,,S221,S222,,,,,,,,,,,,,,,,,,,,,,,,,,,,,,,,,,,,,,,,,,,,,
132,R74,,,,,,,,,,,,,,,,,,,,,,,,,,,,,R74,,,,,,,,,,R74,R74,S223,,,,,,,,,,,,,,,,,,,,,,,,,,,,,,,,,,,,,,,,,,,,
133,R76,,,,,,,,,,,,,,,,,,,,,,,,,,,,,R76,,,,,,,,,,R76,R76,R76,,,,,,,,,,,,,,,,,,,,,,,,,,,,,,,,,,,,,,,,,,,,
134,R64,S225,,,,,,,,,,,S226,,,,,,,,,,,,,S227,,,,R64,,,,,,,,,,R64,R64,R64,,,,,,,,,,,,,,,,,,,,,,,,,,,,,,,,,,,,224,,,,,,,,
135,,,,S134,,,,S135,S136,S137,,,,,,,,,,,,,,,,S138,,,,,,,,,,,,,,,,,S139,,,,,,,,,,,,,,,,,,,,,,,,,,,,,,,,,,129,,,,,,,,228,
136,R77,,,,,,,,,,,,,,,,,,,,,,,,,,,,,R77,,,,,,,,,,R77,R77,R77,,,,,,,,,,,,,,,,,,,,,,,,,,,,,,,,,,,,,,,,,,,,
137,,,,,,,,,,,S229,,,,,,,,,,,,,,,,,,,,,,,,,,,,,,,,,,,,,,,,,,,,,,,,,,,,,,,,,,,,,,,,,,,,,,,,,,,
138,,,,S182,,,,S183,S184,S185,,,,,,,,,,,,,,,,S186,,,,,,,,,,,,,,,,,S187,,,,,,,,,,,,,,,,,,,,,,,,,,,,,,,,,,177,,,,,230,179,180,181,
139,,,,S134,,,,S135,S136,S137,,,,,,,,,,,,,,,,S138,,,,,,,,,,,,,,,,,S139,,,,,,,,,,,,,,,,,,,,,,,,,,,,,,,,,,129,,,,,,,,231,
140,,,,,,,,,,,,,,,,,,,,,,,,,,,,,,,R62,,,,,,,,,,,,,,,,,,,,,,,,,,,,,,,,,,,,,,,,,,,,,,,,,,,,,,,
141,,S82,,,,,,,,,,,S83,,,,,,,,,,,,,,,,,,R64,,,,,,,,,,,,,,,,,,,,,,,,,,,,,,,,,,,,,,,,,,,,,,,81,,,,,,,,
142,,,,,R78,,,,,,,,,R78,,,,,,,,,,,,,,,,,,,,,,,,,,R78,R78,R78,,,,,,,,,,,,,,,,,,,,,,,,,,,,,,,,,,,,,,,,,,,,
143,,,,,S232,,,,,,,,,S233,,,,,,,,,,,,,,,,,,,,,,,,,,,,,,,,,,,,,,,,,,,,,,,,,,,,,,,,,,,,,,,,,,,,,,,,
144,,,,,R70,,,,,,,,,R70,,,,,,,,,,,,,,,,,,,,,,,,,,,,,,,,,,,,,,,,,,,,,,,,,,,,,,,,,,,,,,,,,,,,,,,,
145,,,,,R72,,,,,,,,,R72,,,,,,,,,,,,,,,,,,,,,,,,,,S234,S235,,,,,,,,,,,,,,,,,,,,,,,,,,,,,,,,,,,,,,,,,,,,,
146,,,,,R74,,,,,,,,,R74,,,,,,,,,,,,,,,,,,,,,,,,,,R74,R74,S236,,,,,,,,,,,,,,,,,,,,,,,,,,,,,,,,,,,,,,,,,,,,
147,,,,,R76,,,,,,,,,R76,,,,,,,,,,,,,,,,,,,,,,,,,,R76,R76,R76,,,,,,,,,,,,,,,,,,,,,,,,,,,,,,,,,,,,,,,,,,,,
148,,S238,,,R64,,,,,,,,S239,R64,,,,,,,,,,,,S240,,,,,,,,,,,,,,R64,R64,R64,,,,,,,,,,,,,,,,,,,,,,,,,,,,,,,,,,,,237,,,,,,,,
149,,,,S148,,,,S149,S150,S151,,,,,,,,,,,,,,,,S152,,,,,,,,,,,,,,,,,S153,,,,,,,,,,,,,,,,,,,,,,,,,,,,,,,,,,142,,,,,,,,241,
150,,,,,R77,,,,,,,,,R77,,,,,,,,,,,,,,,,,,,,,,,,,,R77,R77,R77,,,,,,,,,,,,,,,,,,,,,,,,,,,,,,,,,,,,,,,,,,,,
151,,,,,,,,,,,S242,,,,,,,,,,,,,,,,,,,,,,,,,,,,,,,,,,,,,,,,,,,,,,,,,,,,,,,,,,,,,,,,,,,,,,,,,,,
152,,,,S182,,,,S183,S184,S185,,,,,,,,,,,,,,,,S186,,,,,,,,,,,,,,,,,S187,,,,,,,,,,,,,,,,,,,,,,,,,,,,,,,,,,177,,,,,243,179,180,181,
153,,,,S148,,,,S149,S150,S151,,,,,,,,,,,,,,,,S152,,,,,,,,,,,,,,,,,S153,,,,,,,,,,,,,,,,,,,,,,,,,,,,,,,,,,142,,,,,,,,244,
154,,,,,R78,,,,,,,,,,,,,,,,,,,,,,R78,,,,,,,,,,,,,R78,R78,R78,,,,,,,,,,,,,,,,,,,,,,,,,,,,,,,,,,,,,,,,,,,,
155,,,,,S245,,,,,,,,,,,,,,,,,,,,,,S246,,,,,,,,,,,,,,,,,,,,,,,,,,,,,,,,,,,,,,,,,,,,,,,,,,,,,,,,,,,
156,,,,,R70,,,,,,,,,,,,,,,,,,,,,,R70,,,,,,,,,,,,,,,,,,,,,,,,,,,,,,,,,,,,,,,,,,,,,,,,,,,,,,,,,,,
157,,,,,R72,,,,,,,,,,,,,,,,,,,,,,R72,,,,,,,,,,,,,S247,S248,,,,,,,,,,,,,,,,,,,,,,,,,,,,,,,,,,,,,,,,,,,,,
158,,,,,R74,,,,,,,,,,,,,,,,,,,,,,R74,,,,,,,,,,,,,R74,R74,S249,,,,,,,,,,,,,,,,,,,,,,,,,,,,,,,,,,,,,,,,,,,,
159,,,,,R76,,,,,,,,,,,,,,,,,,,,,,R76,,,,,,,,,,,,,R76,R76,R76,,,,,,,,,,,,,,,,,,,,,,,,,,,,,,,,,,,,,,,,,,,,
160,,S251,,,R64,,,,,,,,S252,,,,,,,,,,,,,S253,R64,,,,,,,,,,,,,R64,R64,R64,,,,,,,,,,,,,,,,,,,,,,,,,,,,,,,,,,,,250,,,,,,,,
161,,,,S160,,,,S161,S162,S163,,,,,,,,,,,,,,,,S164,,,,,,,,,,,,,,,,,S165,,,,,,,,,,,,,,,,,,,,,,,,,,,,,,,,,,154,,,,,,,,254,
162,,,,,R77,,,,,,,,,,,,,,,,,,,,,,R77,,,,,,,,,,,,,R77,R77,R77,,,,,,,,,,,,,,,,,,,,,,,,,,,,,,,,,,,,,,,,,,,,
163,,,,,,,,,,,S255,,,,,,,,,,,,,,,,,,,,,,,,,,,,,,,,,,,,,,,,,,,,,,,,,,,,,,,,,,,,,,,,,,,,,,,,,,,
164,,,,S182,,,,S183,S184,S185,,,,,,,,,,,,,,,,S186,,,,,,,,,,,,,,,,,S187,,,,,,,,,,,,,,,,,,,,,,,,,,,,,,,,,,177,,,,,256,179,180,181,
165,,,,S160,,,,S161,S162,S163,,,,,,,,,,,,,,,,S164,,,,,,,,,,,,,,,,,S165,,,,,,,,,,,,,,,,,,,,,,,,,,,,,,,,,,154,,,,,,,,257,
166,R47,,,,,,,,,,,,,,,,,,,,,,,,,,,,,R47,,,,,,,,,,,,,,,,,,,,,,,,,,,,,,,,,,,,,,,,,,,,,,,,,,,,,,,,
167,R58,,,S262,,,,,,,,,,,,,,,,,,,,,,,,,S263,R58,,S264,,R58,S265,,,S266,S267,,,,,,,,S268,,,,,,,,,,,,,,,,,,,,,,,,,,258,,259,,260,,261,,,,,,,
168,,,,S273,,,,S274,S275,S276,,,,,,,,,,,,,,,,S277,,,,,,,,,,,,,,,,,S278,,,,,,,,,,,,,,,,,,,,,,,,,,,,,,,,,,269,,,,,,270,271,272,
169,,,,S91,,,,S92,S93,S94,,,,,,,,,,,,,,,,S95,,,,,,,,,,,,,,,,,S96,,,,,,,,,,,,,,,,,,,,,,,,,,,,,,,,,,86,,,,,,,279,90,
170,,,,S91,,,,S92,S93,S94,,,,,,,,,,,,,,,,S95,,,,,,,,,,,,,,,,,S96,,,,,,,,,,,,,,,,,,,,,,,,,,,,,,,,,,86,,,,,,,,280,
171,,,,,,,,,,,,,,,,,,,,,,,,,,,,,,,,,R61,,,,,,,R61,R61,R61,,,,,,,,,,,,,,,,,,,,,,,,,,,,,,,,,,,,,,,,,,,,
172,,,,S282,,,,,,,,,,,,,,,,,,,,,,,,,,,,,,,,,,,,,,,,,,,,,,,,,,,,,,,,,,,,,,,,,,,,,,,,,281,,,,,,,,,
173,,,,S148,,,,S149,S150,S151,,,,,,,,,,,,,,,,S152,,,,,,,,,,,,,,,,,S153,,,,,,,,,,,,,,,,,,,,,,,,,,,,,,,,,,142,,,,283,144,145,146,147,
174,,,,S160,,,,S161,S162,S163,,,,,,,,,,,,,,,,S164,,,,,,,,,,,,,,,,,S165,,,,,,,,,,,,,,,,,,,,,,,,,,,,,,,,,,154,,,,284,156,157,158,159,
175,,,,,,,,,,,,,,,,,,,,,,,,,,,,,,,,,R82,,,,,,,R82,R82,R82,,,,,,,,,,,,,,,,,,,,,,,,,,,,,,,,,,,,,,,,,,,,
176,,,,,,,,,,S285,,,,,,,,,,,,,,,,,,,,,,,,,,,,,,,,,,,,,,,,,,,,,,,,,,,,,,,,,,,,,,,,,,,,,,,,,,,,
177,,,,,,,,,,,,,,,,,,,,,,,,,,,R78,,,,,,,,,,,,,R78,R78,R78,,,,,,,,,,,,,,,,,,,,,,,,,,,,,,,,,,,,,,,,,,,,
178,,,,,,,,,,,,,,,,,,,,,,,,,,,S286,,,,,,,,,,,,,,,,,,,,,,,,,,,,,,,,,,,,,,,,,,,,,,,,,,,,,,,,,,,
179,,,,,,,,,,,,,,,,,,,,,,,,,,,R72,,,,,,,,,,,,,S287,S288,,,,,,,,,,,,,,,,,,,,,,,,,,,,,,,,,,,,,,,,,,,,,
180,,,,,,,,,,,,,,,,,,,,,,,,,,,R74,,,,,,,,,,,,,R74,R74,S289,,,,,,,,,,,,,,,,,,,,,,,,,,,,,,,,,,,,,,,,,,,,
181,,,,,,,,,,,,,,,,,,,,,,,,,,,R76,,,,,,,,,,,,,R76,R76,R76,,,,,,,,,,,,,,,,,,,,,,,,,,,,,,,,,,,,,,,,,,,,
182,,S291,,,,,,,,,,,S292,,,,,,,,,,,,,S293,R64,,,,,,,,,,,,,R64,R64,R64,,,,,,,,,,,,,,,,,,,,,,,,,,,,,,,,,,,,290,,,,,,,,
183,,,,S182,,,,S183,S184,S185,,,,,,,,,,,,,,,,S186,,,,,,,,,,,,,,,,,S187,,,,,,,,,,,,,,,,,,,,,,,,,,,,,,,,,,177,,,,,,,,294,
184,,,,,,,,,,,,,,,,,,,,,,,,,,,R77,,,,,,,,,,,,,R77,R77,R77,,,,,,,,,,,,,,,,,,,,,,,,,,,,,,,,,,,,,,,,,,,,
185,,,,,,,,,,,S295,,,,,,,,,,,,,,,,,,,,,,,,,,,,,,,,,,,,,,,,,,,,,,,,,,,,,,,,,,,,,,,,,,,,,,,,,,,
186,,,,S182,,,,S183,S184,S185,,,,,,,,,,,,,,,,S186,,,,,,,,,,,,,,,,,S187,,,,,,,,,,,,,,,,,,,,,,,,,,,,,,,,,,177,,,,,296,179,180,181,
187,,,,S182,,,,S183,S184,S185,,,,,,,,,,,,,,,,S186,,,,,,,,,,,,,,,,,S187,,,,,,,,,,,,,,,,,,,,,,,,,,,,,,,,,,177,,,,,,,,297,
188,,,,,,,,,,,,,,,,,,,,,,,,,,,,,,,,,R81,,,,,,,R81,R81,R81,,,,,,,,,,,,,,,,,,,,,,,,,,,,,,,,,,,,,,,,,,,,
189,,,,S303,,,,S304,S305,S306,,,,,,,,,,,,,,,,S307,,,,,,,,,,,,,,,,,S308,,,,,,,,,,,,,,,,,,,,,,,,,,,,,,,,,,298,,,,,299,300,301,302,
190,,,,,S309,,,,,,,,,,,,,,,,,,,,,,S310,,,,,,,,,,,,,,,,,,,,,,,,,,,,,,,,,,,,,,,,,,,,,,,,,,,,,,,,,,,
191,,,,,R60,,,,,,,,,,,,,,,,,,,,,,R60,,,,,,,,,,,,,,,,,,,,,,,,,,,,,,,,,,,,,,,,,,,,,,,,,,,,,,,,,,,
192,,S312,,,R64,,,,,,,,S313,,,,,,,,,,,,,,R64,,,,,,,,,,,,,,,,,,,,,,,,,,,,,,,,,,,,,,,,,,,,,,,,,,,311,,,,,,,,
193,,,,,S245,,,,,,,,,,,,,,,,,,,,,,S314,,,,,,,,,,,,,,,,,,,,,,,,,,,,,,,,,,,,,,,,,,,,,,,,,,,,,,,,,,,
194,R58,,,S50,,,,,,,,,,,,,,,,,,,,,,,,,S51,R58,,S52,,,S53,,,S54,S55,,,,,,,,S56,,,,,,,,,,,,,,,,,,,,,,,,,,45,,315,,48,,49,,,,,,,
195,,,,S320,,,,S321,S322,S323,,,,,,,,,,,,,,,,S324,,,,,,,,,,,,,,,,,S325,,,,,,,,,,,,,,,,,,,,,,,,,,,,,,,,,,316,,,,,,317,318,319,
196,,,,S105,,,,S106,S107,S108,,,,,,,,,,,,,,,,S109,,,,,,,,,,,,,,,,,S110,,,,,,,,,,,,,,,,,,,,,,,,,,,,,,,,,,100,,,,,,,326,104,
197,,,,S105,,,,S106,S107,S108,,,,,,,,,,,,,,,,S109,,,,,,,,,,,,,,,,,S110,,,,,,,,,,,,,,,,,,,,,,,,,,,,,,,,,,100,,,,,,,,327,
198,,,,,,,,,,,,,,,,,,,,,,,,,,,,,,,,,,,,,R61,,,R61,R61,R61,,,,,,,,,,,,,,,,,,,,,,,,,,,,,,,,,,,,,,,,,,,,
199,,,,S329,,,,,,,,,,,,,,,,,,,,,,,,,,,,,,,,,,,,,,,,,,,,,,,,,,,,,,,,,,,,,,,,,,,,,,,,,328,,,,,,,,,
200,,,,S148,,,,S149,S150,S151,,,,,,,,,,,,,,,,S152,,,,,,,,,,,,,,,,,S153,,,,,,,,,,,,,,,,,,,,,,,,,,,,,,,,,,142,,,,330,144,145,146,147,
201,,,,S160,,,,S161,S162,S163,,,,,,,,,,,,,,,,S164,,,,,,,,,,,,,,,,,S165,,,,,,,,,,,,,,,,,,,,,,,,,,,,,,,,,,154,,,,331,156,157,158,159,
202,,,,,,,,,,,,,,,,,,,,,,,,,,,,,,,,,,,,,R82,,,R82,R82,R82,,,,,,,,,,,,,,,,,,,,,,,,,,,,,,,,,,,,,,,,,,,,
203,,,,,,,,,,S332,,,,,,,,,,,,,,,,,,,,,,,,,,,,,,,,,,,,,,,,,,,,,,,,,,,,,,,,,,,,,,,,,,,,,,,,,,,,
204,,,,,,,,,,,,,,,,,,,,,,,,,,,S333,,,,,,,,,,,,,,,,,,,,,,,,,,,,,,,,,,,,,,,,,,,,,,,,,,,,,,,,,,,
205,,,,,,,,,,,,,,,,,,,,,,,,,,,,,,,,,,,,,R81,,,R81,R81,R81,,,,,,,,,,,,,,,,,,,,,,,,,,,,,,,,,,,,,,,,,,,,
206,,,,,S334,,,,,,,,,S335,,,,,,,,,,,,,,,,,,,,,,,,,,,,,,,,,,,,,,,,,,,,,,,,,,,,,,,,,,,,,,,,,,,,,,,,
207,,,,,,,,,,,,,,,,,,,,,,S336,,,,,,,,,,,,,,,,,,,,,,,,,,,,,,,,,,,,,,,,,,,,,,,,,,,,,,,,,,,,,,,,
208,,,,,,,,,,,,S61,,,,S62,S63,S64,S65,S66,,,,,,,,,,,,,,,,,,,,,,,,,,,,,,,,,,,,,,337,59,60,,,,,,,,,,,,,,,,,,,,,,,,,,
209,R23,,,,,,,,,,,,,,,,,,,,,,,,,,,,,,,,,,,,,,,,,,,,,,,,,,,,,,,,,,,,,,,,,,,,,,,,,,,,,,,,,,,,,
210,,,,S20,,,,,,,,,,,,,,,,,,,,,,,,,,R24,,,,,,,,,,,,,,,,,,,,,,338,,,,,,,,,,,,,,,,,,,,,,,,,,,,,,,,,,
211,R17,,,,,,,,,,,,,,,,,,,,,,,,,,,,,,,,,,,,,,,,,,,,,,,,,,,,,,,,,,,,,,,,,,,,,,,,,,,,,,,,,,,,,
212,R46,,,,,,,,,,,,,,,,,,,,,,,,,,,,,,,,,,,,,,,,,,,,,,,,,,,,,,,,,,,,,,,,,,,,,,,,,,,,,,,,,,,,,
213,R58,,,S50,,,,,,,,,,,,,,,,,,,,,,,,,S51,R58,,S52,,,S53,,,S54,S55,,,,,,,,S56,,,,,,,,,,,,,,,,,,,,,,,,,,45,339,47,,48,,49,,,,,,,
214,S340,,,,,,,,,,,,,,,,,,,,,,,,,,,,,,,,,,,,,,,,,,,,,,,,,,,,,,,,,,,,,,,,,,,,,,,,,,,,,,,,,,,,,
215,,,,,,,,,,,,,,,,,S342,S343,S344,S345,,,,,,,,,,,,,,,,,,,,,,,,,,,,,,,,,,,,,,,341,,,,,,,,,,,,,,,,,,,,,,,,,,,
216,,,,S20,,,,,,,,,,,,,,,,,,,,,,,,S125,,,,,,,,,,,,,,,,,,,,,,,,120,,,,,,,,,,,,,,,,,,346,123,124,,,,,,,,,,,,,,
217,R34,,,,,,,,,,,,,,,,,,,,,,,,,,,,,,,,,,,,,,,,,,,,,,,,,,,,,,,,,,,,,,,,,,,,,,,,,,,,,,,,,,,,,
218,R40,,,,,,,,,,,,,,,,,,,,,,,,,,R40,,,,,,,,,,,,,,,,,,,,,,,,,,,,,,,,,,,,,,,,,,,,,,,,,,,,,,,,,,,
219,R33,,,,,,,,,,,,,,,,,,,,,,,,,,,,,,,,,,,,,,,,,,,,,,,,,,,,,,,,,,,,,,,,,,,,,,,,,,,,,,,,,,,,,
220,,,,,,,,,,,,,,,,,,,,,,,,,,,,,,,,,,,,,,,,,,,,,R34,,,,,,,,,,,,,,,,,,,,,,,,,,,,,,,,,,,,,,,,,
221,,,,S351,,,,S352,S353,S354,,,,,,,,,,,,,,,,S355,,,,,,,,,,,,,,,,,S356,,,,,,,,,,,,,,,,,,,,,,,,,,,,,,,,,,347,,,,,,348,349,350,
222,,,,S134,,,,S135,S136,S137,,,,,,,,,,,,,,,,S138,,,,,,,,,,,,,,,,,S139,,,,,,,,,,,,,,,,,,,,,,,,,,,,,,,,,,129,,,,,,,357,133,
223,,,,S134,,,,S135,S136,S137,,,,,,,,,,,,,,,,S138,,,,,,,,,,,,,,,,,S139,,,,,,,,,,,,,,,,,,,,,,,,,,,,,,,,,,129,,,,,,,,358,
224,R61,,,,,,,,,,,,,,,,,,,,,,,,,,,,,R61,,,,,,,,,,R61,R61,R61,,,,,,,,,,,,,,,,,,,,,,,,,,,,,,,,,,,,,,,,,,,,
225,,,,S360,,,,,,,,,,,,,,,,,,,,,,,,,,,,,,,,,,,,,,,,,,,,,,,,,,,,,,,,,,,,,,,,,,,,,,,,,359,,,,,,,,,
226,,,,S148,,,,S149,S150,S151,,,,,,,,,,,,,,,,S152,,,,,,,,,,,,,,,,,S153,,,,,,,,,,,,,,,,,,,,,,,,,,,,,,,,,,142,,,,361,144,145,146,147,
227,,,,S160,,,,S161,S162,S163,,,,,,,,,,,,,,,,S164,,,,,,,,,,,,,,,,,S165,,,,,,,,,,,,,,,,,,,,,,,,,,,,,,,,,,154,,,,362,156,157,158,159,
228,R82,,,,,,,,,,,,,,,,,,,,,,,,,,,,,R82,,,,,,,,,,R82,R82,R82,,,,,,,,,,,,,,,,,,,,,,,,,,,,,,,,,,,,,,,,,,,,
229,,,,,,,,,,S363,,,,,,,,,,,,,,,,,,,,,,,,,,,,,,,,,,,,,,,,,,,,,,,,,,,,,,,,,,,,,,,,,,,,,,,,,,,,
230,,,,,,,,,,,,,,,,,,,,,,,,,,,S364,,,,,,,,,,,,,,,,,,,,,,,,,,,,,,,,,,,,,,,,,,,,,,,,,,,,,,,,,,,
231,R81,,,,,,,,,,,,,,,,,,,,,,,,,,,,,R81,,,,,,,,,,R81,R81,R81,,,,,,,,,,,,,,,,,,,,,,,,,,,,,,,,,,,,,,,,,,,,
232,,,,S148,,,,S149,S150,S151,,,,,,,,,,,,,,,,S152,,,,,,,,,,,,,,,,,S153,,,,,,,,,,,,,,,,,,,,,,,,,,,,,,,,,,142,,,,,365,145,146,147,
233,,,,,,,,,,,,,,,,,,,,,,,,,,,,,,,R63,,,,,,,,,,,,,,,,,,,,,,,,,,,,,,,,,,,,,,,,,,,,,,,,,,,,,,,
234,,,,S370,,,,S371,S372,S373,,,,,,,,,,,,,,,,S374,,,,,,,,,,,,,,,,,S375,,,,,,,,,,,,,,,,,,,,,,,,,,,,,,,,,,366,,,,,,367,368,369,
235,,,,S148,,,,S149,S150,S151,,,,,,,,,,,,,,,,S152,,,,,,,,,,,,,,,,,S153,,,,,,,,,,,,,,,,,,,,,,,,,,,,,,,,,,142,,,,,,,376,147,
236,,,,S148,,,,S149,S150,S151,,,,,,,,,,,,,,,,S152,,,,,,,,,,,,,,,,,S153,,,,,,,,,,,,,,,,,,,,,,,,,,,,,,,,,,142,,,,,,,,377,
237,,,,,R61,,,,,,,,,R61,,,,,,,,,,,,,,,,,,,,,,,,,,R61,R61,R61,,,,,,,,,,,,,,,,,,,,,,,,,,,,,,,,,,,,,,,,,,,,
238,,,,S379,,,,,,,,,,,,,,,,,,,,,,,,,,,,,,,,,,,,,,,,,,,,,,,,,,,,,,,,,,,,,,,,,,,,,,,,,378,,,,,,,,,
239,,,,S148,,,,S149,S150,S151,,,,,,,,,,,,,,,,S152,,,,,,,,,,,,,,,,,S153,,,,,,,,,,,,,,,,,,,,,,,,,,,,,,,,,,142,,,,380,144,145,146,147,
240,,,,S160,,,,S161,S162,S163,,,,,,,,,,,,,,,,S164,,,,,,,,,,,,,,,,,S165,,,,,,,,,,,,,,,,,,,,,,,,,,,,,,,,,,154,,,,381,156,157,158,159,
241,,,,,R82,,,,,,,,,R82,,,,,,,,,,,,,,,,,,,,,,,,,,R82,R82,R82,,,,,,,,,,,,,,,,,,,,,,,,,,,,,,,,,,,,,,,,,,,,
242,,,,,,,,,,S382,,,,,,,,,,,,,,,,,,,,,,,,,,,,,,,,,,,,,,,,,,,,,,,,,,,,,,,,,,,,,,,,,,,,,,,,,,,,
243,,,,,,,,,,,,,,,,,,,,,,,,,,,S383,,,,,,,,,,,,,,,,,,,,,,,,,,,,,,,,,,,,,,,,,,,,,,,,,,,,,,,,,,,
244,,,,,R81,,,,,,,,,R81,,,,,,,,,,,,,,,,,,,,,,,,,,R81,R81,R81,,,,,,,,,,,,,,,,,,,,,,,,,,,,,,,,,,,,,,,,,,,,
245,,,,S160,,,,S161,S162,S163,,,,,,,,,,,,,,,,S164,,,,,,,,,,,,,,,,,S165,,,,,,,,,,,,,,,,,,,,,,,,,,,,,,,,,,154,,,,,384,157,158,159,
246,R66,,,,,,,,,,,,,,,,,,,,,,,,,,,,,R66,,,,,,,,,,,,,,,,,,,,,,,,,,,,,,,,,,,,,,,,,,,,,,,,,,,,,,,,
247,,,,S389,,,,S390,S391,S392,,,,,,,,,,,,,,,,S393,,,,,,,,,,,,,,,,,S394,,,,,,,,,,,,,,,,,,,,,,,,,,,,,,,,,,385,,,,,,386,387,388,
248,,,,S160,,,,S161,S162,S163,,,,,,,,,,,,,,,,S164,,,,,,,,,,,,,,,,,S165,,,,,,,,,,,,,,,,,,,,,,,,,,,,,,,,,,154,,,,,,,395,159,
249,,,,S160,,,,S161,S162,S163,,,,,,,,,,,,,,,,S164,,,,,,,,,,,,,,,,,S165,,,,,,,,,,,,,,,,,,,,,,,,,,,,,,,,,,154,,,,,,,,396,
250,,,,,R61,,,,,,,,,,,,,,,,,,,,,,R61,,,,,,,,,,,,,R61,R61,R61,,,,,,,,,,,,,,,,,,,,,,,,,,,,,,,,,,,,,,,,,,,,
251,,,,S398,,,,,,,,,,,,,,,,,,,,,,,,,,,,,,,,,,,,,,,,,,,,,,,,,,,,,,,,,,,,,,,,,,,,,,,,,397,,,,,,,,,
252,,,,S148,,,,S149,S150,S151,,,,,,,,,,,,,,,,S152,,,,,,,,,,,,,,,,,S153,,,,,,,,,,,,,,,,,,,,,,,,,,,,,,,,,,142,,,,399,144,145,146,147,
253,,,,S160,,,,S161,S162,S163,,,,,,,,,,,,,,,,S164,,,,,,,,,,,,,,,,,S165,,,,,,,,,,,,,,,,,,,,,,,,,,,,,,,,,,154,,,,400,156,157,158,159,
254,,,,,R82,,,,,,,,,,,,,,,,,,,,,,R82,,,,,,,,,,,,,R82,R82,R82,,,,,,,,,,,,,,,,,,,,,,,,,,,,,,,,,,,,,,,,,,,,
255,,,,,,,,,,S401,,,,,,,,,,,,,,,,,,,,,,,,,,,,,,,,,,,,,,,,,,,,,,,,,,,,,,,,,,,,,,,,,,,,,,,,,,,,
256,,,,,,,,,,,,,,,,,,,,,,,,,,,S402,,,,,,,,,,,,,,,,,,,,,,,,,,,,,,,,,,,,,,,,,,,,,,,,,,,,,,,,,,,
257,,,,,R81,,,,,,,,,,,,,,,,,,,,,,R81,,,,,,,,,,,,,R81,R81,R81,,,,,,,,,,,,,,,,,,,,,,,,,,,,,,,,,,,,,,,,,,,,
258,R52,,,,,,,,,,,,,,,,,,,,,,,,,,,,,R52,,,,R52,,,,,,,,,,,,,,,,,,,,,,,,,,,,,,,,,,,,,,,,,,,,,,,,,,,,
259,R68,,,,,,,,,,,,,,,,,,,,,,,,,,,,,R68,,,,S404,,,,,,,,,,,,,,,,,,,,,,,,,,,,,,,,,,,,,,,,,,,,,,403,,,,,,
260,,,,,,,,,,,,,,,,,,,,,,,,,,,,,,,S405,,,,,,,,,,,,,,,,,,,,,,,,,,,,,,,,,,,,,,,,,,,,,,,,,,,,,,,
261,R51,,,,,,,,,,,,,,,,,,,,,,,,,,,,,R51,,,,R51,,,,,,,,,,,,,,,,,,,,,,,,,,,,,,,,,,,,,,,,,,,,,,,,,,,,
262,R65,S82,,,,,,,,,,,S83,,,,,,,,,,,,,S406,,,,R65,R64,,,R65,,,,,,,,,,,,,,,,,,,,,,,,,,,,,,,,,,,,,,,,,,,,81,,,,,,,,
263,R58,,,S50,,,,,,,,,,,,,,,,,,,,,,,,,S51,R58,,S52,,,S53,,,S54,S55,,,,,,,,S56,,,,,,,,,,,,,,,,,,,,,,,,,,45,407,47,,48,,49,,,,,,,
264,,,,S91,,,,S92,S93,S94,,,,,,,,,,,,,,,,S95,,,,,,,,,,,,,,,,,S96,,,,,,,,,,,,,,,,,,,,,,,,,,,,,,,,,,86,,,,,408,88,89,90,
265,,,,S409,,,,,,,,,,,,,,,,,,,,,,,,,,,,,,,,,,,,,,,,,,,,,,,,,,,,,,,,,,,,,,,,,,,,,,,,,,,,,,,,,,
266,,,,,,,,,,,,,,,,,,,,,,,,,,S410,,,,,,,,,,,,,,,,,,,,,,,,,,,,,,,,,,,,,,,,,,,,,,,,,,,,,,,,,,,,
267,,,,,,,,,,,,,,,,,,,,,,,,,,S411,,,,,,,,,,,,,,,,,,,,,,,,,,,,,,,,,,,,,,,,,,,,,,,,,,,,,,,,,,,,
268,,,,S105,,,,S106,S107,S108,,,,,,,,,,,,,,,,S109,,,,,,,,,,,,,,,,,S110,,,,,,,,,,,,,,,,,,,,,,,,,,,,,,,,,,100,,,,,412,102,103,104,
269,,,,,,,,,,,,,,,,,,,,,,,,,,,,,,,,,R78,,,,,,,,R78,R78,,,,,,,,,,,,,,,,,,,,,,,,,,,,,,,,,,,,,,,,,,,,
270,,,,,,,,,,,,,,,,,,,,,,,,,,,,,,,,,R71,,,,,,,,S413,,,,,,,,,,,,,,,,,,,,,,,,,,,,,,,,,,,,,,,,,,,,,
271,,,,,,,,,,,,,,,,,,,,,,,,,,,,,,,,,R74,,,,,,,,R74,S414,,,,,,,,,,,,,,,,,,,,,,,,,,,,,,,,,,,,,,,,,,,,
272,,,,,,,,,,,,,,,,,,,,,,,,,,,,,,,,,R76,,,,,,,,R76,R76,,,,,,,,,,,,,,,,,,,,,,,,,,,,,,,,,,,,,,,,,,,,
273,,S416,,,,,,,,,,,S417,,,,,,,,,,,,,S418,,,,,,,R64,,,,,,,,R64,R64,,,,,,,,,,,,,,,,,,,,,,,,,,,,,,,,,,,,415,,,,,,,,
274,,,,S273,,,,S274,S275,S276,,,,,,,,,,,,,,,,S277,,,,,,,,,,,,,,,,,S278,,,,,,,,,,,,,,,,,,,,,,,,,,,,,,,,,,269,,,,,,,,419,
275,,,,,,,,,,,,,,,,,,,,,,,,,,,,,,,,,R77,,,,,,,,R77,R77,,,,,,,,,,,,,,,,,,,,,,,,,,,,,,,,,,,,,,,,,,,,
276,,,,,,,,,,,S420,,,,,,,,,,,,,,,,,,,,,,,,,,,,,,,,,,,,,,,,,,,,,,,,,,,,,,,,,,,,,,,,,,,,,,,,,,,
277,,,,S182,,,,S183,S184,S185,,,,,,,,,,,,,,,,S186,,,,,,,,,,,,,,,,,S187,,,,,,,,,,,,,,,,,,,,,,,,,,,,,,,,,,177,,,,,421,179,180,181,
278,,,,S273,,,,S274,S275,S276,,,,,,,,,,,,,,,,S277,,,,,,,,,,,,,,,,,S278,,,,,,,,,,,,,,,,,,,,,,,,,,,,,,,,,,269,,,,,,,,422,
279,,,,,,,,,,,,,,,,,,,,,,,,,,,,,,,,,R73,,,,,,,R73,R73,S170,,,,,,,,,,,,,,,,,,,,,,,,,,,,,,,,,,,,,,,,,,,,
280,,,,,,,,,,,,,,,,,,,,,,,,,,,,,,,,,R75,,,,,,,R75,R75,R75,,,,,,,,,,,,,,,,,,,,,,,,,,,,,,,,,,,,,,,,,,,,
281,,,,,,,,,,,,,,,,,,,,,,,,,,,,,,,,,R62,,,,,,,R62,R62,R62,,,,,,,,,,,,,,,,,,,,,,,,,,,,,,,,,,,,,,,,,,,,
282,,S172,,,,,,,,,,,S173,,,,,,,,,,,,,,,,,,,,R64,,,,,,,R64,R64,R64,,,,,,,,,,,,,,,,,,,,,,,,,,,,,,,,,,,,171,,,,,,,,
283,,,,,S232,,,,,,,,,S423,,,,,,,,,,,,,,,,,,,,,,,,,,,,,,,,,,,,,,,,,,,,,,,,,,,,,,,,,,,,,,,,,,,,,,,,
284,,,,,S245,,,,,,,,,,,,,,,,,,,,,,S424,,,,,,,,,,,,,,,,,,,,,,,,,,,,,,,,,,,,,,,,,,,,,,,,,,,,,,,,,,,
285,,,,,,,,,,,,,,,,,,,,,,,,,,,,,,,,,R83,,,,,,,R83,R83,R83,,,,,,,,,,,,,,,,,,,,,,,,,,,,,,,,,,,,,,,,,,,,
286,,,,,,,,,,,,,,,,,,,,,,,,,,,,,,,,,R80,,,,,,,R80,R80,R80,,,,,,,,,,,,,,,,,,,,,,,,,,,,,,,,,,,,,,,,,,,,
287,,,,S429,,,,S430,S431,S432,,,,,,,,,,,,,,,,S433,,,,,,,,,,,,,,,,,S434,,,,,,,,,,,,,,,,,,,,,,,,,,,,,,,,,,425,,,,,,426,427,428,
288,,,,S182,,,,S183,S184,S185,,,,,,,,,,,,,,,,S186,,,,,,,,,,,,,,,,,S187,,,,,,,,,,,,,,,,,,,,,,,,,,,,,,,,,,177,,,,,,,435,181,
289,,,,S182,,,,S183,S184,S185,,,,,,,,,,,,,,,,S186,,,,,,,,,,,,,,,,,S187,,,,,,,,,,,,,,,,,,,,,,,,,,,,,,,,,,177,,,,,,,,436,
290,,,,,,,,,,,,,,,,,,,,,,,,,,,R61,,,,,,,,,,,,,R61,R61,R61,,,,,,,,,,,,,,,,,,,,,,,,,,,,,,,,,,,,,,,,,,,,
291,,,,S438,,,,,,,,,,,,,,,,,,,,,,,,,,,,,,,,,,,,,,,,,,,,,,,,,,,,,,,,,,,,,,,,,,,,,,,,,437,,,,,,,,,
292,,,,S148,,,,S149,S150,S151,,,,,,,,,,,,,,,,S152,,,,,,,,,,,,,,,,,S153,,,,,,,,,,,,,,,,,,,,,,,,,,,,,,,,,,142,,,,439,144,145,146,147,
293,,,,S160,,,,S161,S162,S163,,,,,,,,,,,,,,,,S164,,,,,,,,,,,,,,,,,S165,,,,,,,,,,,,,,,,,,,,,,,,,,,,,,,,,,154,,,,440,156,157,158,159,
294,,,,,,,,,,,,,,,,,,,,,,,,,,,R82,,,,,,,,,,,,,R82,R82,R82,,,,,,,,,,,,,,,,,,,,,,,,,,,,,,,,,,,,,,,,,,,,
295,,,,,,,,,,S441,,,,,,,,,,,,,,,,,,,,,,,,,,,,,,,,,,,,,,,,,,,,,,,,,,,,,,,,,,,,,,,,,,,,,,,,,,,,
296,,,,,,,,,,,,,,,,,,,,,,,,,,,S442,,,,,,,,,,,,,,,,,,,,,,,,,,,,,,,,,,,,,,,,,,,,,,,,,,,,,,,,,,,
297,,,,,,,,,,,,,,,,,,,,,,,,,,,R81,,,,,,,,,,,,,R81,R81,R81,,,,,,,,,,,,,,,,,,,,,,,,,,,,,,,,,,,,,,,,,,,,
298,,,,,,,,,,,,,,,,,,,,,,,,,,,,,,,,,,,,R78,,,,R78,R78,R78,,,,,,,,,,,,,,,,,,,,,,,,,,,,,,,,,,,,,,,,,,,,
299,,,,,,,,,,,,,,,,,,,,,,,,,,,,,,,,,,,,S443,,,,,,,,,,,,,,,,,,,,,,,,,,,,,,,,,,,,,,,,,,,,,,,,,,
300,,,,,,,,,,,,,,,,,,,,,,,,,,,,,,,,,,,,R72,,,,S444,S445,,,,,,,,,,,,,,,,,,,,,,,,,,,,,,,,,,,,,,,,,,,,,
301,,,,,,,,,,,,,,,,,,,,,,,,,,,,,,,,,,,,R74,,,,R74,R74,S446,,,,,,,,,,,,,,,,,,,,,,,,,,,,,,,,,,,,,,,,,,,,
302,,,,,,,,,,,,,,,,,,,,,,,,,,,,,,,,,,,,R76,,,,R76,R76,R76,,,,,,,,,,,,,,,,,,,,,,,,,,,,,,,,,,,,,,,,,,,,
303,,S448,,,,,,,,,,,S449,,,,,,,,,,,,,S450,,,,,,,,,,R64,,,,R64,R64,R64,,,,,,,,,,,,,,,,,,,,,,,,,,,,,,,,,,,,447,,,,,,,,
304,,,,S303,,,,S304,S305,S306,,,,,,,,,,,,,,,,S307,,,,,,,,,,,,,,,,,S308,,,,,,,,,,,,,,,,,,,,,,,,,,,,,,,,,,298,,,,,,,,451,
305,,,,,,,,,,,,,,,,,,,,,,,,,,,,,,,,,,,,R77,,,,R77,R77,R77,,,,,,,,,,,,,,,,,,,,,,,,,,,,,,,,,,,,,,,,,,,,
306,,,,,,,,,,,S452,,,,,,,,,,,,,,,,,,,,,,,,,,,,,,,,,,,,,,,,,,,,,,,,,,,,,,,,,,,,,,,,,,,,,,,,,,,
307,,,,S182,,,,S183,S184,S185,,,,,,,,,,,,,,,,S186,,,,,,,,,,,,,,,,,S187,,,,,,,,,,,,,,,,,,,,,,,,,,,,,,,,,,177,,,,,453,179,180,181,
308,,,,S303,,,,S304,S305,S306,,,,,,,,,,,,,,,,S307,,,,,,,,,,,,,,,,,S308,,,,,,,,,,,,,,,,,,,,,,,,,,,,,,,,,,298,,,,,,,,454,
309,,,,S192,,,,,,,,,,,,,,,,,,,,,,,,,,,,,,,,,,,,,,,,,,,,,,,,,,,,,,,,,,,,,,,,,,,,,,,,,455,,,,,,,,,
310,R55,,,,,,,,,,,,,,,,,,,,,,,,,,,,,R55,,,,,,,,,,,,,,,,,,,,,,,,,,,,,,,,,,,,,,,,,,,,,,,,,,,,,,,,
311,,,,,R61,,,,,,,,,,,,,,,,,,,,,,R61,,,,,,,,,,,,,,,,,,,,,,,,,,,,,,,,,,,,,,,,,,,,,,,,,,,,,,,,,,,
312,,,,S192,,,,,,,,,,,,,,,,,,,,,,,,,,,,,,,,,,,,,,,,,,,,,,,,,,,,,,,,,,,,,,,,,,,,,,,,,456,,,,,,,,,
313,,,,S148,,,,S149,S150,S151,,,,,,,,,,,,,,,,S152,,,,,,,,,,,,,,,,,S153,,,,,,,,,,,,,,,,,,,,,,,,,,,,,,,,,,142,,,,457,144,145,146,147,
314,R56,,,,,,,,,,,,,,,,,,,,,,,,,,,,,R56,,,,,,,,,,,,,,,,,,,,,,,,,,,,,,,,,,,,,,,,,,,,,,,,,,,,,,,,
315,R57,,,,,,,,,,,,,,,,,,,,,,,,,,,,,R57,,,,,,,,,,,,,,,,,,,,,,,,,,,,,,,,,,,,,,,,,,,,,,,,,,,,,,,,
316,,,,,,,,,,,,,,,,,,,,,,,,,,,,,,,,,,,,,R78,,,,R78,R78,,,,,,,,,,,,,,,,,,,,,,,,,,,,,,,,,,,,,,,,,,,,
317,,,,,,,,,,,,,,,,,,,,,,,,,,,,,,,,,,,,,R71,,,,S458,,,,,,,,,,,,,,,,,,,,,,,,,,,,,,,,,,,,,,,,,,,,,
318,,,,,,,,,,,,,,,,,,,,,,,,,,,,,,,,,,,,,R74,,,,R74,S459,,,,,,,,,,,,,,,,,,,,,,,,,,,,,,,,,,,,,,,,,,,,
319,,,,,,,,,,,,,,,,,,,,,,,,,,,,,,,,,,,,,R76,,,,R76,R76,,,,,,,,,,,,,,,,,,,,,,,,,,,,,,,,,,,,,,,,,,,,
320,,S461,,,,,,,,,,,S462,,,,,,,,,,,,,S463,,,,,,,,,,,R64,,,,R64,R64,,,,,,,,,,,,,,,,,,,,,,,,,,,,,,,,,,,,460,,,,,,,,
321,,,,S320,,,,S321,S322,S323,,,,,,,,,,,,,,,,S324,,,,,,,,,,,,,,,,,S325,,,,,,,,,,,,,,,,,,,,,,,,,,,,,,,,,,316,,,,,,,,464,
322,,,,,,,,,,,,,,,,,,,,,,,,,,,,,,,,,,,,,R77,,,,R77,R77,,,,,,,,,,,,,,,,,,,,,,,,,,,,,,,,,,,,,,,,,,,,
323,,,,,,,,,,,S465,,,,,,,,,,,,,,,,,,,,,,,,,,,,,,,,,,,,,,,,,,,,,,,,,,,,,,,,,,,,,,,,,,,,,,,,,,,
324,,,,S182,,,,S183,S184,S185,,,,,,,,,,,,,,,,S186,,,,,,,,,,,,,,,,,S187,,,,,,,,,,,,,,,,,,,,,,,,,,,,,,,,,,177,,,,,466,179,180,181,
325,,,,S320,,,,S321,S322,S323,,,,,,,,,,,,,,,,S324,,,,,,,,,,,,,,,,,S325,,,,,,,,,,,,,,,,,,,,,,,,,,,,,,,,,,316,,,,,,,,467,
326,,,,,,,,,,,,,,,,,,,,,,,,,,,,,,,,,,,,,R73,,,R73,R73,S197,,,,,,,,,,,,,,,,,,,,,,,,,,,,,,,,,,,,,,,,,,,,
327,,,,,,,,,,,,,,,,,,,,,,,,,,,,,,,,,,,,,R75,,,R75,R75,R75,,,,,,,,,,,,,,,,,,,,,,,,,,,,,,,,,,,,,,,,,,,,
328,,,,,,,,,,,,,,,,,,,,,,,,,,,,,,,,,,,,,R62,,,R62,R62,R62,,,,,,,,,,,,,,,,,,,,,,,,,,,,,,,,,,,,,,,,,,,,
329,,S199,,,,,,,,,,,S200,,,,,,,,,,,,,,,,,,,,,,,,R64,,,R64,R64,R64,,,,,,,,,,,,,,,,,,,,,,,,,,,,,,,,,,,,198,,,,,,,,
330,,,,,S232,,,,,,,,,S468,,,,,,,,,,,,,,,,,,,,,,,,,,,,,,,,,,,,,,,,,,,,,,,,,,,,,,,,,,,,,,,,,,,,,,,,
331,,,,,S245,,,,,,,,,,,,,,,,,,,,,,S469,,,,,,,,,,,,,,,,,,,,,,,,,,,,,,,,,,,,,,,,,,,,,,,,,,,,,,,,,,,
332,,,,,,,,,,,,,,,,,,,,,,,,,,,,,,,,,,,,,R83,,,R83,R83,R83,,,,,,,,,,,,,,,,,,,,,,,,,,,,,,,,,,,,,,,,,,,,
333,,,,,,,,,,,,,,,,,,,,,,,,,,,,,,,,,,,,,R80,,,R80,R80,R80,,,,,,,,,,,,,,,,,,,,,,,,,,,,,,,,,,,,,,,,,,,,
334,,,,,,,,,S470,,,,,,,,,,,,,,,,,,,,,,,,,,,,,,,,,,,,,,,,,,,,,,,,,,,,,,,,,,,,,,,,,,,,,,,,,,,,,
335,,,,,,,,,,,,,,,S471,,,,,,,,,,,,,,,,,,,,,,,,,,,,,,,,,,,,,,,,,,,,,,,,,,,,,,,,,,,,,,,,,,,,,,,
336,,,,,,,,,S472,,,,,,,,,,,,,,,,,,,,,,,,,,,,,,,,,,,,,,,,,,,,,,,,,,,,,,,,,,,,,,,,,,,,,,,,,,,,,
337,R25,,,,,,,,,,,,,,,,,,,,,,,,,,,,,,,,,,,,,,,,,,,,,,,,,,,,,,,,,,,,,,,,,,,,,,,,,,,,,,,,,,,,,
338,,,,,S31,,,,,,,,,,,,,,,,,,,,,,,,,,,,,,,,,,,,,,,,S473,,,,,,,,,,,,,,,,,,,,,,,,,,,,,,,,,,,,,,,,,
339,S78,,,,,,,,,,,,,,,,,,,,,,,,,,,,,S474,,,,,,,,,,,,,,,,,,,,,,,,,,,,,,,,,,,,,,,,,,,,,,,,,,,,,,,,
340,,,,S20,,,,,,,,,,,,,,,,,,,,,,,,,R15,,,,,,,,,,,,,,,,,,,,,,,67,,,,,,,,,,,,,,,,,,,,,,,,,,,,,,,,,,
341,R41,,,,,,,,,,,,,,,,,,,,,,,,,,R41,,,,,,,,,,,,,,,,,,,,,,,,,,,,,,,,,,,,,,,,,,,,,,,,,,,,,,,,,,,
342,R42,,,,,,,,,,,,,,,,,,,,,,,,,,R42,,,,,,,,,,,,,,,,,,,,,,,,,,,,,,,,,,,,,,,,,,,,,,,,,,,,,,,,,,,
343,R43,,,,,,,,,,,,,,,,,,,,,,,,,,R43,,,,,,,,,,,,,,,,,,,,,,,,,,,,,,,,,,,,,,,,,,,,,,,,,,,,,,,,,,,
344,R44,,,,,,,,,,,,,,,,,,,,,,,,,,R44,,,,,,,,,,,,,,,,,,,,,,,,,,,,,,,,,,,,,,,,,,,,,,,,,,,,,,,,,,,
345,R45,,,,,,,,,,,,,,,,,,,,,,,,,,R45,,,,,,,,,,,,,,,,,,,,,,,,,,,,,,,,,,,,,,,,,,,,,,,,,,,,,,,,,,,
346,R36,,,,,,,,,,,,,,,,,,,,,,,,,,R36,,,,,,,,,,,,,,,,,,,,,,,,,,,,,,,,,,,,,,,,,,,,,,,,,,,,,,,,,,,
347,R78,,,,,,,,,,,,,,,,,,,,,,,,,,,,,R78,,,,,,,,,,,R78,R78,,,,,,,,,,,,,,,,,,,,,,,,,,,,,,,,,,,,,,,,,,,,
348,R71,,,,,,,,,,,,,,,,,,,,,,,,,,,,,R71,,,,,,,,,,,S475,,,,,,,,,,,,,,,,,,,,,,,,,,,,,,,,,,,,,,,,,,,,,
349,R74,,,,,,,,,,,,,,,,,,,,,,,,,,,,,R74,,,,,,,,,,,R74,S476,,,,,,,,,,,,,,,,,,,,,,,,,,,,,,,,,,,,,,,,,,,,
350,R76,,,,,,,,,,,,,,,,,,,,,,,,,,,,,R76,,,,,,,,,,,R76,R76,,,,,,,,,,,,,,,,,,,,,,,,,,,,,,,,,,,,,,,,,,,,
351,R64,S478,,,,,,,,,,,S479,,,,,,,,,,,,,S480,,,,R64,,,,,,,,,,,R64,R64,,,,,,,,,,,,,,,,,,,,,,,,,,,,,,,,,,,,477,,,,,,,,
352,,,,S351,,,,S352,S353,S354,,,,,,,,,,,,,,,,S355,,,,,,,,,,,,,,,,,S356,,,,,,,,,,,,,,,,,,,,,,,,,,,,,,,,,,347,,,,,,,,481,
353,R77,,,,,,,,,,,,,,,,,,,,,,,,,,,,,R77,,,,,,,,,,,R77,R77,,,,,,,,,,,,,,,,,,,,,,,,,,,,,,,,,,,,,,,,,,,,
354,,,,,,,,,,,S482,,,,,,,,,,,,,,,,,,,,,,,,,,,,,,,,,,,,,,,,,,,,,,,,,,,,,,,,,,,,,,,,,,,,,,,,,,,
355,,,,S182,,,,S183,S184,S185,,,,,,,,,,,,,,,,S186,,,,,,,,,,,,,,,,,S187,,,,,,,,,,,,,,,,,,,,,,,,,,,,,,,,,,177,,,,,483,179,180,181,
356,,,,S351,,,,S352,S353,S354,,,,,,,,,,,,,,,,S355,,,,,,,,,,,,,,,,,S356,,,,,,,,,,,,,,,,,,,,,,,,,,,,,,,,,,347,,,,,,,,484,
357,R73,,,,,,,,,,,,,,,,,,,,,,,,,,,,,R73,,,,,,,,,,R73,R73,S223,,,,,,,,,,,,,,,,,,,,,,,,,,,,,,,,,,,,,,,,,,,,
358,R75,,,,,,,,,,,,,,,,,,,,,,,,,,,,,R75,,,,,,,,,,R75,R75,R75,,,,,,,,,,,,,,,,,,,,,,,,,,,,,,,,,,,,,,,,,,,,
359,R62,,,,,,,,,,,,,,,,,,,,,,,,,,,,,R62,,,,,,,,,,R62,R62,R62,,,,,,,,,,,,,,,,,,,,,,,,,,,,,,,,,,,,,,,,,,,,
360,R64,S225,,,,,,,,,,,S226,,,,,,,,,,,,,,,,,R64,,,,,,,,,,R64,R64,R64,,,,,,,,,,,,,,,,,,,,,,,,,,,,,,,,,,,,224,,,,,,,,
361,,,,,S232,,,,,,,,,S485,,,,,,,,,,,,,,,,,,,,,,,,,,,,,,,,,,,,,,,,,,,,,,,,,,,,,,,,,,,,,,,,,,,,,,,,
362,,,,,S245,,,,,,,,,,,,,,,,,,,,,,S486,,,,,,,,,,,,,,,,,,,,,,,,,,,,,,,,,,,,,,,,,,,,,,,,,,,,,,,,,,,
363,R83,,,,,,,,,,,,,,,,,,,,,,,,,,,,,R83,,,,,,,,,,R83,R83,R83,,,,,,,,,,,,,,,,,,,,,,,,,,,,,,,,,,,,,,,,,,,,
364,R80,,,,,,,,,,,,,,,,,,,,,,,,,,,,,R80,,,,,,,,,,R80,R80,R80,,,,,,,,,,,,,,,,,,,,,,,,,,,,,,,,,,,,,,,,,,,,
365,,,,,R69,,,,,,,,,R69,,,,,,,,,,,,,,,,,,,,,,,,,,,,,,,,,,,,,,,,,,,,,,,,,,,,,,,,,,,,,,,,,,,,,,,,
366,,,,,R78,,,,,,,,,R78,,,,,,,,,,,,,,,,,,,,,,,,,,,R78,R78,,,,,,,,,,,,,,,,,,,,,,,,,,,,,,,,,,,,,,,,,,,,
367,,,,,R71,,,,,,,,,R71,,,,,,,,,,,,,,,,,,,,,,,,,,,S487,,,,,,,,,,,,,,,,,,,,,,,,,,,,,,,,,,,,,,,,,,,,,
368,,,,,R74,,,,,,,,,R74,,,,,,,,,,,,,,,,,,,,,,,,,,,R74,S488,,,,,,,,,,,,,,,,,,,,,,,,,,,,,,,,,,,,,,,,,,,,
369,,,,,R76,,,,,,,,,R76,,,,,,,,,,,,,,,,,,,,,,,,,,,R76,R76,,,,,,,,,,,,,,,,,,,,,,,,,,,,,,,,,,,,,,,,,,,,
370,,S490,,,R64,,,,,,,,S491,R64,,,,,,,,,,,,S492,,,,,,,,,,,,,,,R64,R64,,,,,,,,,,,,,,,,,,,,,,,,,,,,,,,,,,,,489,,,,,,,,
371,,,,S370,,,,S371,S372,S373,,,,,,,,,,,,,,,,S374,,,,,,,,,,,,,,,,,S375,,,,,,,,,,,,,,,,,,,,,,,,,,,,,,,,,,366,,,,,,,,493,
372,,,,,R77,,,,,,,,,R77,,,,,,,,,,,,,,,,,,,,,,,,,,,R77,R77,,,,,,,,,,,,,,,,,,,,,,,,,,,,,,,,,,,,,,,,,,,,
373,,,,,,,,,,,S494,,,,,,,,,,,,,,,,,,,,,,,,,,,,,,,,,,,,,,,,,,,,,,,,,,,,,,,,,,,,,,,,,,,,,,,,,,,
374,,,,S182,,,,S183,S184,S185,,,,,,,,,,,,,,,,S186,,,,,,,,,,,,,,,,,S187,,,,,,,,,,,,,,,,,,,,,,,,,,,,,,,,,,177,,,,,495,179,180,181,
375,,,,S370,,,,S371,S372,S373,,,,,,,,,,,,,,,,S374,,,,,,,,,,,,,,,,,S375,,,,,,,,,,,,,,,,,,,,,,,,,,,,,,,,,,366,,,,,,,,496,
376,,,,,R73,,,,,,,,,R73,,,,,,,,,,,,,,,,,,,,,,,,,,R73,R73,S236,,,,,,,,,,,,,,,,,,,,,,,,,,,,,,,,,,,,,,,,,,,,
377,,,,,R75,,,,,,,,,R75,,,,,,,,,,,,,,,,,,,,,,,,,,R75,R75,R75,,,,,,,,,,,,,,,,,,,,,,,,,,,,,,,,,,,,,,,,,,,,
378,,,,,R62,,,,,,,,,R62,,,,,,,,,,,,,,,,,,,,,,,,,,R62,R62,R62,,,,,,,,,,,,,,,,,,,,,,,,,,,,,,,,,,,,,,,,,,,,
379,,S238,,,R64,,,,,,,,S239,R64,,,,,,,,,,,,,,,,,,,,,,,,,,R64,R64,R64,,,,,,,,,,,,,,,,,,,,,,,,,,,,,,,,,,,,237,,,,,,,,
380,,,,,S232,,,,,,,,,S497,,,,,,,,,,,,,,,,,,,,,,,,,,,,,,,,,,,,,,,,,,,,,,,,,,,,,,,,,,,,,,,,,,,,,,,,
381,,,,,S245,,,,,,,,,,,,,,,,,,,,,,S498,,,,,,,,,,,,,,,,,,,,,,,,,,,,,,,,,,,,,,,,,,,,,,,,,,,,,,,,,,,
382,,,,,R83,,,,,,,,,R83,,,,,,,,,,,,,,,,,,,,,,,,,,R83,R83,R83,,,,,,,,,,,,,,,,,,,,,,,,,,,,,,,,,,,,,,,,,,,,
383,,,,,R80,,,,,,,,,R80,,,,,,,,,,,,,,,,,,,,,,,,,,R80,R80,R80,,,,,,,,,,,,,,,,,,,,,,,,,,,,,,,,,,,,,,,,,,,,
384,,,,,R69,,,,,,,,,,,,,,,,,,,,,,R69,,,,,,,,,,,,,,,,,,,,,,,,,,,,,,,,,,,,,,,,,,,,,,,,,,,,,,,,,,,
385,,,,,R78,,,,,,,,,,,,,,,,,,,,,,R78,,,,,,,,,,,,,,R78,R78,,,,,,,,,,,,,,,,,,,,,,,,,,,,,,,,,,,,,,,,,,,,
386,,,,,R71,,,,,,,,,,,,,,,,,,,,,,R71,,,,,,,,,,,,,,S499,,,,,,,,,,,,,,,,,,,,,,,,,,,,,,,,,,,,,,,,,,,,,
387,,,,,R74,,,,,,,,,,,,,,,,,,,,,,R74,,,,,,,,,,,,,,R74,S500,,,,,,,,,,,,,,,,,,,,,,,,,,,,,,,,,,,,,,,,,,,,
388,,,,,R76,,,,,,,,,,,,,,,,,,,,,,R76,,,,,,,,,,,,,,R76,R76,,,,,,,,,,,,,,,,,,,,,,,,,,,,,,,,,,,,,,,,,,,,
389,,S502,,,R64,,,,,,,,S503,,,,,,,,,,,,,S504,R64,,,,,,,,,,,,,,R64,R64,,,,,,,,,,,,,,,,,,,,,,,,,,,,,,,,,,,,501,,,,,,,,
390,,,,S389,,,,S390,S391,S392,,,,,,,,,,,,,,,,S393,,,,,,,,,,,,,,,,,S394,,,,,,,,,,,,,,,,,,,,,,,,,,,,,,,,,,385,,,,,,,,505,
391,,,,,R77,,,,,,,,,,,,,,,,,,,,,,R77,,,,,,,,,,,,,,R77,R77,,,,,,,,,,,,,,,,,,,,,,,,,,,,,,,,,,,,,,,,,,,,
392,,,,,,,,,,,S506,,,,,,,,,,,,,,,,,,,,,,,,,,,,,,,,,,,,,,,,,,,,,,,,,,,,,,,,,,,,,,,,,,,,,,,,,,,
393,,,,S182,,,,S183,S184,S185,,,,,,,,,,,,,,,,S186,,,,,,,,,,,,,,,,,S187,,,,,,,,,,,,,,,,,,,,,,,,,,,,,,,,,,177,,,,,507,179,180,181,
394,,,,S389,,,,S390,S391,S392,,,,,,,,,,,,,,,,S393,,,,,,,,,,,,,,,,,S394,,,,,,,,,,,,,,,,,,,,,,,,,,,,,,,,,,385,,,,,,,,508,
395,,,,,R73,,,,,,,,,,,,,,,,,,,,,,R73,,,,,,,,,,,,,R73,R73,S249,,,,,,,,,,,,,,,,,,,,,,,,,,,,,,,,,,,,,,,,,,,,
396,,,,,R75,,,,,,,,,,,,,,,,,,,,,,R75,,,,,,,,,,,,,R75,R75,R75,,,,,,,,,,,,,,,,,,,,,,,,,,,,,,,,,,,,,,,,,,,,
397,,,,,R62,,,,,,,,,,,,,,,,,,,,,,R62,,,,,,,,,,,,,R62,R62,R62,,,,,,,,,,,,,,,,,,,,,,,,,,,,,,,,,,,,,,,,,,,,
398,,S251,,,R64,,,,,,,,S252,,,,,,,,,,,,,,R64,,,,,,,,,,,,,R64,R64,R64,,,,,,,,,,,,,,,,,,,,,,,,,,,,,,,,,,,,250,,,,,,,,
399,,,,,S232,,,,,,,,,S509,,,,,,,,,,,,,,,,,,,,,,,,,,,,,,,,,,,,,,,,,,,,,,,,,,,,,,,,,,,,,,,,,,,,,,,,
400,,,,,S245,,,,,,,,,,,,,,,,,,,,,,S510,,,,,,,,,,,,,,,,,,,,,,,,,,,,,,,,,,,,,,,,,,,,,,,,,,,,,,,,,,,
401,,,,,R83,,,,,,,,,,,,,,,,,,,,,,R83,,,,,,,,,,,,,R83,R83,R83,,,,,,,,,,,,,,,,,,,,,,,,,,,,,,,,,,,,,,,,,,,,
402,,,,,R80,,,,,,,,,,,,,,,,,,,,,,R80,,,,,,,,,,,,,R80,R80,R80,,,,,,,,,,,,,,,,,,,,,,,,,,,,,,,,,,,,,,,,,,,,
403,R53,,,,,,,,,,,,,,,,,,,,,,,,,,,,,R53,,,,,,,,,,,,,,,,,,,,,,,,,,,,,,,,,,,,,,,,,,,,,,,,,,,,,,,,
404,R58,,,S50,,,,,,,,,,,,,,,,,,,,,,,,,S51,R58,,S52,,,S53,,,S54,S55,,,,,,,,S56,,,,,,,,,,,,,,,,,,,,,,,,,,45,,511,,48,,49,,,,,,,
405,,,,S517,,,,S518,S519,S520,,,,,,,,,,,,,,,,S521,,,,,,,,,,,,,,,,,S522,,,,,,,,,,,,,,,,,,,,,,,,,,,,,,,,,,512,,,,,513,514,515,516,
406,,,,S160,,,,S161,S162,S163,,,,,,,,,,,,,,,,S164,,,,,,,,,,,,,,,,,S165,,,,,,,,,,,,,,,,,,,,,,,,,,,,,,,,,,154,,,,523,156,157,158,159,
407,S78,,,,,,,,,,,,,,,,,,,,,,,,,,,,,S524,,,,,,,,,,,,,,,,,,,,,,,,,,,,,,,,,,,,,,,,,,,,,,,,,,,,,,,,
408,,,,,,,,,,,,,,,,,,,,,,,,,,,,,,,,,S525,,,,,,,,,,,,,,,,,,,,,,,,,,,,,,,,,,,,,,,,,,,,,,,,,,,,,
409,,,,,,,,,,,,,,,,,,,,,,,,,,,,,,,S526,,,,,,,,,,,,,,,,,,,,,,,,,,,,,,,,,,,,,,,,,,,,,,,,,,,,,,,
410,,,,S192,,,,,,,,,,,,,,,,,,,,,,,,,,,,,,,,,,,,,,,,,,,,,,,,,,,,,,,,,,,,,,,,,,,,,,,,527,191,,,,,,,,,
411,,,,S160,,,,S161,S162,S163,,,,,,,,,,,,,,,,S164,,,,,,,,,,,,,,,,,S165,,,,,,,,,,,,,,,,,,,,,,,,,,,,,,,,,,154,,,,528,156,157,158,159,
412,,,,,,,,,,,,,,,,,,,,,,,,,,,,,,,,,,,,,S529,,,,,,,,,,,,,,,,,,,,,,,,,,,,,,,,,,,,,,,,,,,,,,,,,
413,,,,S273,,,,S274,S275,S276,,,,,,,,,,,,,,,,S277,,,,,,,,,,,,,,,,,S278,,,,,,,,,,,,,,,,,,,,,,,,,,,,,,,,,,269,,,,,,,530,272,
414,,,,S273,,,,S274,S275,S276,,,,,,,,,,,,,,,,S277,,,,,,,,,,,,,,,,,S278,,,,,,,,,,,,,,,,,,,,,,,,,,,,,,,,,,269,,,,,,,,531,
415,,,,,,,,,,,,,,,,,,,,,,,,,,,,,,,,,R61,,,,,,,,R61,R61,,,,,,,,,,,,,,,,,,,,,,,,,,,,,,,,,,,,,,,,,,,,
416,,,,S533,,,,,,,,,,,,,,,,,,,,,,,,,,,,,,,,,,,,,,,,,,,,,,,,,,,,,,,,,,,,,,,,,,,,,,,,,532,,,,,,,,,
417,,,,S148,,,,S149,S150,S151,,,,,,,,,,,,,,,,S152,,,,,,,,,,,,,,,,,S153,,,,,,,,,,,,,,,,,,,,,,,,,,,,,,,,,,142,,,,534,144,145,146,147,
418,,,,S160,,,,S161,S162,S163,,,,,,,,,,,,,,,,S164,,,,,,,,,,,,,,,,,S165,,,,,,,,,,,,,,,,,,,,,,,,,,,,,,,,,,154,,,,535,156,157,158,159,
419,,,,,,,,,,,,,,,,,,,,,,,,,,,,,,,,,R82,,,,,,,,R82,R82,,,,,,,,,,,,,,,,,,,,,,,,,,,,,,,,,,,,,,,,,,,,
420,,,,,,,,,,S536,,,,,,,,,,,,,,,,,,,,,,,,,,,,,,,,,,,,,,,,,,,,,,,,,,,,,,,,,,,,,,,,,,,,,,,,,,,,
421,,,,,,,,,,,,,,,,,,,,,,,,,,,S537,,,,,,,,,,,,,,,,,,,,,,,,,,,,,,,,,,,,,,,,,,,,,,,,,,,,,,,,,,,
422,,,,,,,,,,,,,,,,,,,,,,,,,,,,,,,,,R81,,,,,,,,R81,R81,,,,,,,,,,,,,,,,,,,,,,,,,,,,,,,,,,,,,,,,,,,,
423,,,,,,,,,,,,,,,,,,,,,,,,,,,,,,,,,R63,,,,,,,R63,R63,R63,,,,,,,,,,,,,,,,,,,,,,,,,,,,,,,,,,,,,,,,,,,,
424,,,,,,,,,,,,,,,,,,,,,,,,,,,,,,,,,R79,,,,,,,R79,R79,R79,,,,,,,,,,,,,,,,,,,,,,,,,,,,,,,,,,,,,,,,,,,,
425,,,,,,,,,,,,,,,,,,,,,,,,,,,R78,,,,,,,,,,,,,,R78,R78,,,,,,,,,,,,,,,,,,,,,,,,,,,,,,,,,,,,,,,,,,,,
426,,,,,,,,,,,,,,,,,,,,,,,,,,,R71,,,,,,,,,,,,,,S538,,,,,,,,,,,,,,,,,,,,,,,,,,,,,,,,,,,,,,,,,,,,,
427,,,,,,,,,,,,,,,,,,,,,,,,,,,R74,,,,,,,,,,,,,,R74,S539,,,,,,,,,,,,,,,,,,,,,,,,,,,,,,,,,,,,,,,,,,,,
428,,,,,,,,,,,,,,,,,,,,,,,,,,,R76,,,,,,,,,,,,,,R76,R76,,,,,,,,,,,,,,,,,,,,,,,,,,,,,,,,,,,,,,,,,,,,
429,,S541,,,,,,,,,,,S542,,,,,,,,,,,,,S543,R64,,,,,,,,,,,,,,R64,R64,,,,,,,,,,,,,,,,,,,,,,,,,,,,,,,,,,,,540,,,,,,,,
430,,,,S429,,,,S430,S431,S432,,,,,,,,,,,,,,,,S433,,,,,,,,,,,,,,,,,S434,,,,,,,,,,,,,,,,,,,,,,,,,,,,,,,,,,425,,,,,,,,544,
431,,,,,,,,,,,,,,,,,,,,,,,,,,,R77,,,,,,,,,,,,,,R77,R77,,,,,,,,,,,,,,,,,,,,,,,,,,,,,,,,,,,,,,,,,,,,
432,,,,,,,,,,,S545,,,,,,,,,,,,,,,,,,,,,,,,,,,,,,,,,,,,,,,,,,,,,,,,,,,,,,,,,,,,,,,,,,,,,,,,,,,
433,,,,S182,,,,S183,S184,S185,,,,,,,,,,,,,,,,S186,,,,,,,,,,,,,,,,,S187,,,,,,,,,,,,,,,,,,,,,,,,,,,,,,,,,,177,,,,,546,179,180,181,
434,,,,S429,,,,S430,S431,S432,,,,,,,,,,,,,,,,S433,,,,,,,,,,,,,,,,,S434,,,,,,,,,,,,,,,,,,,,,,,,,,,,,,,,,,425,,,,,,,,547,
435,,,,,,,,,,,,,,,,,,,,,,,,,,,R73,,,,,,,,,,,,,R73,R73,S289,,,,,,,,,,,,,,,,,,,,,,,,,,,,,,,,,,,,,,,,,,,,
436,,,,,,,,,,,,,,,,,,,,,,,,,,,R75,,,,,,,,,,,,,R75,R75,R75,,,,,,,,,,,,,,,,,,,,,,,,,,,,,,,,,,,,,,,,,,,,
437,,,,,,,,,,,,,,,,,,,,,,,,,,,R62,,,,,,,,,,,,,R62,R62,R62,,,,,,,,,,,,,,,,,,,,,,,,,,,,,,,,,,,,,,,,,,,,
438,,S291,,,,,,,,,,,S292,,,,,,,,,,,,,,R64,,,,,,,,,,,,,R64,R64,R64,,,,,,,,,,,,,,,,,,,,,,,,,,,,,,,,,,,,290,,,,,,,,
439,,,,,S232,,,,,,,,,S548,,,,,,,,,,,,,,,,,,,,,,,,,,,,,,,,,,,,,,,,,,,,,,,,,,,,,,,,,,,,,,,,,,,,,,,,
440,,,,,S245,,,,,,,,,,,,,,,,,,,,,,S549,,,,,,,,,,,,,,,,,,,,,,,,,,,,,,,,,,,,,,,,,,,,,,,,,,,,,,,,,,,
441,,,,,,,,,,,,,,,,,,,,,,,,,,,R83,,,,,,,,,,,,,R83,R83,R83,,,,,,,,,,,,,,,,,,,,,,,,,,,,,,,,,,,,,,,,,,,,
442,,,,,,,,,,,,,,,,,,,,,,,,,,,R80,,,,,,,,,,,,,R80,R80,R80,,,,,,,,,,,,,,,,,,,,,,,,,,,,,,,,,,,,,,,,,,,,
443,,,,S105,,,,S106,S107,S108,,,,,,,,,,,,,,,,S109,,,,,,,,,,,,,,,,,S110,,,,,,,,,,,,,,,,,,,,,,,,,,,,,,,,,,100,,,,,550,102,103,104,
444,,,,S555,,,,S556,S557,S558,,,,,,,,,,,,,,,,S559,,,,,,,,,,,,,,,,,S560,,,,,,,,,,,,,,,,,,,,,,,,,,,,,,,,,,551,,,,,,552,553,554,
445,,,,S303,,,,S304,S305,S306,,,,,,,,,,,,,,,,S307,,,,,,,,,,,,,,,,,S308,,,,,,,,,,,,,,,,,,,,,,,,,,,,,,,,,,298,,,,,,,561,302,
446,,,,S303,,,,S304,S305,S306,,,,,,,,,,,,,,,,S307,,,,,,,,,,,,,,,,,S308,,,,,,,,,,,,,,,,,,,,,,,,,,,,,,,,,,298,,,,,,,,562,
447,,,,,,,,,,,,,,,,,,,,,,,,,,,,,,,,,,,,R61,,,,R61,R61,R61,,,,,,,,,,,,,,,,,,,,,,,,,,,,,,,,,,,,,,,,,,,,
448,,,,S564,,,,,,,,,,,,,,,,,,,,,,,,,,,,,,,,,,,,,,,,,,,,,,,,,,,,,,,,,,,,,,,,,,,,,,,,,563,,,,,,,,,
449,,,,S148,,,,S149,S150,S151,,,,,,,,,,,,,,,,S152,,,,,,,,,,,,,,,,,S153,,,,,,,,,,,,,,,,,,,,,,,,,,,,,,,,,,142,,,,565,144,145,146,147,
450,,,,S160,,,,S161,S162,S163,,,,,,,,,,,,,,,,S164,,,,,,,,,,,,,,,,,S165,,,,,,,,,,,,,,,,,,,,,,,,,,,,,,,,,,154,,,,566,156,157,158,159,
451,,,,,,,,,,,,,,,,,,,,,,,,,,,,,,,,,,,,R82,,,,R82,R82,R82,,,,,,,,,,,,,,,,,,,,,,,,,,,,,,,,,,,,,,,,,,,,
452,,,,,,,,,,S567,,,,,,,,,,,,,,,,,,,,,,,,,,,,,,,,,,,,,,,,,,,,,,,,,,,,,,,,,,,,,,,,,,,,,,,,,,,,
453,,,,,,,,,,,,,,,,,,,,,,,,,,,S568,,,,,,,,,,,,,,,,,,,,,,,,,,,,,,,,,,,,,,,,,,,,,,,,,,,,,,,,,,,
454,,,,,,,,,,,,,,,,,,,,,,,,,,,,,,,,,,,,R81,,,,R81,R81,R81,,,,,,,,,,,,,,,,,,,,,,,,,,,,,,,,,,,,,,,,,,,,
455,,,,,R59,,,,,,,,,,,,,,,,,,,,,,R59,,,,,,,,,,,,,,,,,,,,,,,,,,,,,,,,,,,,,,,,,,,,,,,,,,,,,,,,,,,
456,,,,,R62,,,,,,,,,,,,,,,,,,,,,,R62,,,,,,,,,,,,,,,,,,,,,,,,,,,,,,,,,,,,,,,,,,,,,,,,,,,,,,,,,,,
457,,,,,S232,,,,,,,,,S569,,,,,,,,,,,,,,,,,,,,,,,,,,,,,,,,,,,,,,,,,,,,,,,,,,,,,,,,,,,,,,,,,,,,,,,,
458,,,,S320,,,,S321,S322,S323,,,,,,,,,,,,,,,,S324,,,,,,,,,,,,,,,,,S325,,,,,,,,,,,,,,,,,,,,,,,,,,,,,,,,,,316,,,,,,,570,319,
459,,,,S320,,,,S321,S322,S323,,,,,,,,,,,,,,,,S324,,,,,,,,,,,,,,,,,S325,,,,,,,,,,,,,,,,,,,,,,,,,,,,,,,,,,316,,,,,,,,571,
460,,,,,,,,,,,,,,,,,,,,,,,,,,,,,,,,,,,,,R61,,,,R61,R61,,,,,,,,,,,,,,,,,,,,,,,,,,,,,,,,,,,,,,,,,,,,
461,,,,S573,,,,,,,,,,,,,,,,,,,,,,,,,,,,,,,,,,,,,,,,,,,,,,,,,,,,,,,,,,,,,,,,,,,,,,,,,572,,,,,,,,,
462,,,,S148,,,,S149,S150,S151,,,,,,,,,,,,,,,,S152,,,,,,,,,,,,,,,,,S153,,,,,,,,,,,,,,,,,,,,,,,,,,,,,,,,,,142,,,,574,144,145,146,147,
463,,,,S160,,,,S161,S162,S163,,,,,,,,,,,,,,,,S164,,,,,,,,,,,,,,,,,S165,,,,,,,,,,,,,,,,,,,,,,,,,,,,,,,,,,154,,,,575,156,157,158,159,
464,,,,,,,,,,,,,,,,,,,,,,,,,,,,,,,,,,,,,R82,,,,R82,R82,,,,,,,,,,,,,,,,,,,,,,,,,,,,,,,,,,,,,,,,,,,,
465,,,,,,,,,,S576,,,,,,,,,,,,,,,,,,,,,,,,,,,,,,,,,,,,,,,,,,,,,,,,,,,,,,,,,,,,,,,,,,,,,,,,,,,,
466,,,,,,,,,,,,,,,,,,,,,,,,,,,S577,,,,,,,,,,,,,,,,,,,,,,,,,,,,,,,,,,,,,,,,,,,,,,,,,,,,,,,,,,,
467,,,,,,,,,,,,,,,,,,,,,,,,,,,,,,,,,,,,,R81,,,,R81,R81,,,,,,,,,,,,,,,,,,,,,,,,,,,,,,,,,,,,,,,,,,,,
468,,,,,,,,,,,,,,,,,,,,,,,,,,,,,,,,,,,,,R63,,,R63,R63,R63,,,,,,,,,,,,,,,,,,,,,,,,,,,,,,,,,,,,,,,,,,,,
469,,,,,,,,,,,,,,,,,,,,,,,,,,,,,,,,,,,,,R79,,,R79,R79,R79,,,,,,,,,,,,,,,,,,,,,,,,,,,,,,,,,,,,,,,,,,,,
470,,,,,,,,,,,,,,,,,,,,,,S578,,,,,,,,,,,,,,,,,,,,,,,,,,,,,,,,,,,,,,,,,,,,,,,,,,,,,,,,,,,,,,,,
471,,,,,,,,,,,,,,,,S62,S63,S64,S65,S66,,,,,,,,,,,,,,,,,,,,,,,,,,,,,,,,,,,,,,,579,580,,,,,,,,,,,,,,,,,,,,,,,,,,
472,,,,,R28,,,,,,,,,R28,,,,,,,,,,,,,,,,,,,,,,,,,,,,,,,,,,,,,,,,,,,,,,,,,,,,,,,,,,,,,,,,,,,,,,,,
473,,,,,,,,,,,,S61,,,,S62,S63,S64,S65,S66,,,,,,,,,,,,,,,,,,,,,,,,,,,,,,,,,,,,,,581,59,60,,,,,,,,,,,,,,,,,,,,,,,,,,
474,R47,,,,,,,,,,,,,,,,,,,,,,,,,,,,,,,,,,,,,,,,,,,,,,,,,,,,,,,,,,,,,,,,,,,,,,,,,,,,,,,,,,,,,
475,,,,S351,,,,S352,S353,S354,,,,,,,,,,,,,,,,S355,,,,,,,,,,,,,,,,,S356,,,,,,,,,,,,,,,,,,,,,,,,,,,,,,,,,,347,,,,,,,582,350,
476,,,,S351,,,,S352,S353,S354,,,,,,,,,,,,,,,,S355,,,,,,,,,,,,,,,,,S356,,,,,,,,,,,,,,,,,,,,,,,,,,,,,,,,,,347,,,,,,,,583,
477,R61,,,,,,,,,,,,,,,,,,,,,,,,,,,,,R61,,,,,,,,,,,R61,R61,,,,,,,,,,,,,,,,,,,,,,,,,,,,,,,,,,,,,,,,,,,,
478,,,,S585,,,,,,,,,,,,,,,,,,,,,,,,,,,,,,,,,,,,,,,,,,,,,,,,,,,,,,,,,,,,,,,,,,,,,,,,,584,,,,,,,,,
479,,,,S148,,,,S149,S150,S151,,,,,,,,,,,,,,,,S152,,,,,,,,,,,,,,,,,S153,,,,,,,,,,,,,,,,,,,,,,,,,,,,,,,,,,142,,,,586,144,145,146,147,
480,,,,S160,,,,S161,S162,S163,,,,,,,,,,,,,,,,S164,,,,,,,,,,,,,,,,,S165,,,,,,,,,,,,,,,,,,,,,,,,,,,,,,,,,,154,,,,587,156,157,158,159,
481,R82,,,,,,,,,,,,,,,,,,,,,,,,,,,,,R82,,,,,,,,,,,R82,R82,,,,,,,,,,,,,,,,,,,,,,,,,,,,,,,,,,,,,,,,,,,,
482,,,,,,,,,,S588,,,,,,,,,,,,,,,,,,,,,,,,,,,,,,,,,,,,,,,,,,,,,,,,,,,,,,,,,,,,,,,,,,,,,,,,,,,,
483,,,,,,,,,,,,,,,,,,,,,,,,,,,S589,,,,,,,,,,,,,,,,,,,,,,,,,,,,,,,,,,,,,,,,,,,,,,,,,,,,,,,,,,,
484,R81,,,,,,,,,,,,,,,,,,,,,,,,,,,,,R81,,,,,,,,,,,R81,R81,,,,,,,,,,,,,,,,,,,,,,,,,,,,,,,,,,,,,,,,,,,,
485,R63,,,,,,,,,,,,,,,,,,,,,,,,,,,,,R63,,,,,,,,,,R63,R63,R63,,,,,,,,,,,,,,,,,,,,,,,,,,,,,,,,,,,,,,,,,,,,
486,R79,,,,,,,,,,,,,,,,,,,,,,,,,,,,,R79,,,,,,,,,,R79,R79,R79,,,,,,,,,,,,,,,,,,,,,,,,,,,,,,,,,,,,,,,,,,,,
487,,,,S370,,,,S371,S372,S373,,,,,,,,,,,,,,,,S374,,,,,,,,,,,,,,,,,S375,,,,,,,,,,,,,,,,,,,,,,,,,,,,,,,,,,366,,,,,,,590,369,
488,,,,S370,,,,S371,S372,S373,,,,,,,,,,,,,,,,S374,,,,,,,,,,,,,,,,,S375,,,,,,,,,,,,,,,,,,,,,,,,,,,,,,,,,,366,,,,,,,,591,
489,,,,,R61,,,,,,,,,R61,,,,,,,,,,,,,,,,,,,,,,,,,,,R61,R61,,,,,,,,,,,,,,,,,,,,,,,,,,,,,,,,,,,,,,,,,,,,
490,,,,S593,,,,,,,,,,,,,,,,,,,,,,,,,,,,,,,,,,,,,,,,,,,,,,,,,,,,,,,,,,,,,,,,,,,,,,,,,592,,,,,,,,,
491,,,,S148,,,,S149,S150,S151,,,,,,,,,,,,,,,,S152,,,,,,,,,,,,,,,,,S153,,,,,,,,,,,,,,,,,,,,,,,,,,,,,,,,,,142,,,,594,144,145,146,147,
492,,,,S160,,,,S161,S162,S163,,,,,,,,,,,,,,,,S164,,,,,,,,,,,,,,,,,S165,,,,,,,,,,,,,,,,,,,,,,,,,,,,,,,,,,154,,,,595,156,157,158,159,
493,,,,,R82,,,,,,,,,R82,,,,,,,,,,,,,,,,,,,,,,,,,,,R82,R82,,,,,,,,,,,,,,,,,,,,,,,,,,,,,,,,,,,,,,,,,,,,
494,,,,,,,,,,S596,,,,,,,,,,,,,,,,,,,,,,,,,,,,,,,,,,,,,,,,,,,,,,,,,,,,,,,,,,,,,,,,,,,,,,,,,,,,
495,,,,,,,,,,,,,,,,,,,,,,,,,,,S597,,,,,,,,,,,,,,,,,,,,,,,,,,,,,,,,,,,,,,,,,,,,,,,,,,,,,,,,,,,
496,,,,,R81,,,,,,,,,R81,,,,,,,,,,,,,,,,,,,,,,,,,,,R81,R81,,,,,,,,,,,,,,,,,,,,,,,,,,,,,,,,,,,,,,,,,,,,
497,,,,,R63,,,,,,,,,R63,,,,,,,,,,,,,,,,,,,,,,,,,,R63,R63,R63,,,,,,,,,,,,,,,,,,,,,,,,,,,,,,,,,,,,,,,,,,,,
498,,,,,R79,,,,,,,,,R79,,,,,,,,,,,,,,,,,,,,,,,,,,R79,R79,R79,,,,,,,,,,,,,,,,,,,,,,,,,,,,,,,,,,,,,,,,,,,,
499,,,,S389,,,,S390,S391,S392,,,,,,,,,,,,,,,,S393,,,,,,,,,,,,,,,,,S394,,,,,,,,,,,,,,,,,,,,,,,,,,,,,,,,,,385,,,,,,,598,388,
500,,,,S389,,,,S390,S391,S392,,,,,,,,,,,,,,,,S393,,,,,,,,,,,,,,,,,S394,,,,,,,,,,,,,,,,,,,,,,,,,,,,,,,,,,385,,,,,,,,599,
501,,,,,R61,,,,,,,,,,,,,,,,,,,,,,R61,,,,,,,,,,,,,,R61,R61,,,,,,,,,,,,,,,,,,,,,,,,,,,,,,,,,,,,,,,,,,,,
502,,,,S601,,,,,,,,,,,,,,,,,,,,,,,,,,,,,,,,,,,,,,,,,,,,,,,,,,,,,,,,,,,,,,,,,,,,,,,,,600,,,,,,,,,
503,,,,S148,,,,S149,S150,S151,,,,,,,,,,,,,,,,S152,,,,,,,,,,,,,,,,,S153,,,,,,,,,,,,,,,,,,,,,,,,,,,,,,,,,,142,,,,602,144,145,146,147,
504,,,,S160,,,,S161,S162,S163,,,,,,,,,,,,,,,,S164,,,,,,,,,,,,,,,,,S165,,,,,,,,,,,,,,,,,,,,,,,,,,,,,,,,,,154,,,,603,156,157,158,159,
505,,,,,R82,,,,,,,,,,,,,,,,,,,,,,R82,,,,,,,,,,,,,,R82,R82,,,,,,,,,,,,,,,,,,,,,,,,,,,,,,,,,,,,,,,,,,,,
506,,,,,,,,,,S604,,,,,,,,,,,,,,,,,,,,,,,,,,,,,,,,,,,,,,,,,,,,,,,,,,,,,,,,,,,,,,,,,,,,,,,,,,,,
507,,,,,,,,,,,,,,,,,,,,,,,,,,,S605,,,,,,,,,,,,,,,,,,,,,,,,,,,,,,,,,,,,,,,,,,,,,,,,,,,,,,,,,,,
508,,,,,R81,,,,,,,,,,,,,,,,,,,,,,R81,,,,,,,,,,,,,,R81,R81,,,,,,,,,,,,,,,,,,,,,,,,,,,,,,,,,,,,,,,,,,,,
509,,,,,R63,,,,,,,,,,,,,,,,,,,,,,R63,,,,,,,,,,,,,R63,R63,R63,,,,,,,,,,,,,,,,,,,,,,,,,,,,,,,,,,,,,,,,,,,,
510,,,,,R79,,,,,,,,,,,,,,,,,,,,,,R79,,,,,,,,,,,,,R79,R79,R79,,,,,,,,,,,,,,,,,,,,,,,,,,,,,,,,,,,,,,,,,,,,
511,R67,,,,,,,,,,,,,,,,,,,,,,,,,,,,,R67,,,,,,,,,,,,,,,,,,,,,,,,,,,,,,,,,,,,,,,,,,,,,,,,,,,,,,,,
512,R78,,,,,,,,,,,,,,,,,,,,,,,,,,,,,R78,,,,R78,,,,,,R78,R78,R78,,,,,,,,,,,,,,,,,,,,,,,,,,,,,,,,,,,,,,,,,,,,
513,R50,,,,,,,,,,,,,,,,,,,,,,,,,,,,,R50,,,,R50,,,,,,,,,,,,,,,,,,,,,,,,,,,,,,,,,,,,,,,,,,,,,,,,,,,,
514,R72,,,,,,,,,,,,,,,,,,,,,,,,,,,,,R72,,,,R72,,,,,,S606,S607,,,,,,,,,,,,,,,,,,,,,,,,,,,,,,,,,,,,,,,,,,,,,
515,R74,,,,,,,,,,,,,,,,,,,,,,,,,,,,,R74,,,,R74,,,,,,R74,R74,S608,,,,,,,,,,,,,,,,,,,,,,,,,,,,,,,,,,,,,,,,,,,,
516,R76,,,,,,,,,,,,,,,,,,,,,,,,,,,,,R76,,,,R76,,,,,,R76,R76,R76,,,,,,,,,,,,,,,,,,,,,,,,,,,,,,,,,,,,,,,,,,,,
517,R64,S610,,,,,,,,,,,S611,,,,,,,,,,,,,S612,,,,R64,,,,R64,,,,,,R64,R64,R64,,,,,,,,,,,,,,,,,,,,,,,,,,,,,,,,,,,,609,,,,,,,,
518,,,,S517,,,,S518,S519,S520,,,,,,,,,,,,,,,,S521,,,,,,,,,,,,,,,,,S522,,,,,,,,,,,,,,,,,,,,,,,,,,,,,,,,,,512,,,,,,,,613,
519,R77,,,,,,,,,,,,,,,,,,,,,,,,,,,,,R77,,,,R77,,,,,,R77,R77,R77,,,,,,,,,,,,,,,,,,,,,,,,,,,,,,,,,,,,,,,,,,,,
520,,,,,,,,,,,S614,,,,,,,,,,,,,,,,,,,,,,,,,,,,,,,,,,,,,,,,,,,,,,,,,,,,,,,,,,,,,,,,,,,,,,,,,,,
521,,,,S182,,,,S183,S184,S185,,,,,,,,,,,,,,,,S186,,,,,,,,,,,,,,,,,S187,,,,,,,,,,,,,,,,,,,,,,,,,,,,,,,,,,177,,,,,615,179,180,181,
522,,,,S517,,,,S518,S519,S520,,,,,,,,,,,,,,,,S521,,,,,,,,,,,,,,,,,S522,,,,,,,,,,,,,,,,,,,,,,,,,,,,,,,,,,512,,,,,,,,616,
523,,,,,S245,,,,,,,,,,,,,,,,,,,,,,S617,,,,,,,,,,,,,,,,,,,,,,,,,,,,,,,,,,,,,,,,,,,,,,,,,,,,,,,,,,,
524,R47,,,,,,,,,,,,,,,,,,,,,,,,,,,,,R47,,,,R47,,,,,,,,,,,,,,,,,,,,,,,,,,,,,,,,,,,,,,,,,,,,,,,,,,,,
525,R58,,,S262,,,,,,,,,,,,,,,,,,,,,,,,,S263,R58,,S264,,R58,S265,,,S266,S267,,,,,,,,S268,,,,,,,,,,,,,,,,,,,,,,,,,,258,,618,,260,,261,,,,,,,
526,,,,S303,,,,S304,S305,S306,,,,,,,,,,,,,,,,S307,,,,,,,,,,,,,,,,,S308,,,,,,,,,,,,,,,,,,,,,,,,,,,,,,,,,,298,,,,,619,300,301,302,
527,,,,,S309,,,,,,,,,,,,,,,,,,,,,,S620,,,,,,,,,,,,,,,,,,,,,,,,,,,,,,,,,,,,,,,,,,,,,,,,,,,,,,,,,,,
528,,,,,S245,,,,,,,,,,,,,,,,,,,,,,S621,,,,,,,,,,,,,,,,,,,,,,,,,,,,,,,,,,,,,,,,,,,,,,,,,,,,,,,,,,,
529,R58,,,S262,,,,,,,,,,,,,,,,,,,,,,,,,S263,R58,,S264,,R58,S265,,,S266,S267,,,,,,,,S268,,,,,,,,,,,,,,,,,,,,,,,,,,258,,622,,260,,261,,,,,,,
530,,,,,,,,,,,,,,,,,,,,,,,,,,,,,,,,,R73,,,,,,,,R73,S414,,,,,,,,,,,,,,,,,,,,,,,,,,,,,,,,,,,,,,,,,,,,
531,,,,,,,,,,,,,,,,,,,,,,,,,,,,,,,,,R75,,,,,,,,R75,R75,,,,,,,,,,,,,,,,,,,,,,,,,,,,,,,,,,,,,,,,,,,,
532,,,,,,,,,,,,,,,,,,,,,,,,,,,,,,,,,R62,,,,,,,,R62,R62,,,,,,,,,,,,,,,,,,,,,,,,,,,,,,,,,,,,,,,,,,,,
533,,S416,,,,,,,,,,,S417,,,,,,,,,,,,,,,,,,,,R64,,,,,,,,R64,R64,,,,,,,,,,,,,,,,,,,,,,,,,,,,,,,,,,,,415,,,,,,,,
534,,,,,S232,,,,,,,,,S623,,,,,,,,,,,,,,,,,,,,,,,,,,,,,,,,,,,,,,,,,,,,,,,,,,,,,,,,,,,,,,,,,,,,,,,,
535,,,,,S245,,,,,,,,,,,,,,,,,,,,,,S624,,,,,,,,,,,,,,,,,,,,,,,,,,,,,,,,,,,,,,,,,,,,,,,,,,,,,,,,,,,
536,,,,,,,,,,,,,,,,,,,,,,,,,,,,,,,,,R83,,,,,,,,R83,R83,,,,,,,,,,,,,,,,,,,,,,,,,,,,,,,,,,,,,,,,,,,,
537,,,,,,,,,,,,,,,,,,,,,,,,,,,,,,,,,R80,,,,,,,,R80,R80,,,,,,,,,,,,,,,,,,,,,,,,,,,,,,,,,,,,,,,,,,,,
538,,,,S429,,,,S430,S431,S432,,,,,,,,,,,,,,,,S433,,,,,,,,,,,,,,,,,S434,,,,,,,,,,,,,,,,,,,,,,,,,,,,,,,,,,425,,,,,,,625,428,
539,,,,S429,,,,S430,S431,S432,,,,,,,,,,,,,,,,S433,,,,,,,,,,,,,,,,,S434,,,,,,,,,,,,,,,,,,,,,,,,,,,,,,,,,,425,,,,,,,,626,
540,,,,,,,,,,,,,,,,,,,,,,,,,,,R61,,,,,,,,,,,,,,R61,R61,,,,,,,,,,,,,,,,,,,,,,,,,,,,,,,,,,,,,,,,,,,,
541,,,,S628,,,,,,,,,,,,,,,,,,,,,,,,,,,,,,,,,,,,,,,,,,,,,,,,,,,,,,,,,,,,,,,,,,,,,,,,,627,,,,,,,,,
542,,,,S148,,,,S149,S150,S151,,,,,,,,,,,,,,,,S152,,,,,,,,,,,,,,,,,S153,,,,,,,,,,,,,,,,,,,,,,,,,,,,,,,,,,142,,,,629,144,145,146,147,
543,,,,S160,,,,S161,S162,S163,,,,,,,,,,,,,,,,S164,,,,,,,,,,,,,,,,,S165,,,,,,,,,,,,,,,,,,,,,,,,,,,,,,,,,,154,,,,630,156,157,158,159,
544,,,,,,,,,,,,,,,,,,,,,,,,,,,R82,,,,,,,,,,,,,,R82,R82,,,,,,,,,,,,,,,,,,,,,,,,,,,,,,,,,,,,,,,,,,,,
545,,,,,,,,,,S631,,,,,,,,,,,,,,,,,,,,,,,,,,,,,,,,,,,,,,,,,,,,,,,,,,,,,,,,,,,,,,,,,,,,,,,,,,,,
546,,,,,,,,,,,,,,,,,,,,,,,,,,,S632,,,,,,,,,,,,,,,,,,,,,,,,,,,,,,,,,,,,,,,,,,,,,,,,,,,,,,,,,,,
547,,,,,,,,,,,,,,,,,,,,,,,,,,,R81,,,,,,,,,,,,,,R81,R81,,,,,,,,,,,,,,,,,,,,,,,,,,,,,,,,,,,,,,,,,,,,
548,,,,,,,,,,,,,,,,,,,,,,,,,,,R63,,,,,,,,,,,,,R63,R63,R63,,,,,,,,,,,,,,,,,,,,,,,,,,,,,,,,,,,,,,,,,,,,
549,,,,,,,,,,,,,,,,,,,,,,,,,,,R79,,,,,,,,,,,,,R79,R79,R79,,,,,,,,,,,,,,,,,,,,,,,,,,,,,,,,,,,,,,,,,,,,
550,,,,,,,,,,,,,,,,,,,,,,,,,,,,,,,,,,,,,S633,,,,,,,,,,,,,,,,,,,,,,,,,,,,,,,,,,,,,,,,,,,,,,,,,
551,,,,,,,,,,,,,,,,,,,,,,,,,,,,,,,,,,,,R78,,,,,R78,R78,,,,,,,,,,,,,,,,,,,,,,,,,,,,,,,,,,,,,,,,,,,,
552,,,,,,,,,,,,,,,,,,,,,,,,,,,,,,,,,,,,R71,,,,,S634,,,,,,,,,,,,,,,,,,,,,,,,,,,,,,,,,,,,,,,,,,,,,
553,,,,,,,,,,,,,,,,,,,,,,,,,,,,,,,,,,,,R74,,,,,R74,S635,,,,,,,,,,,,,,,,,,,,,,,,,,,,,,,,,,,,,,,,,,,,
554,,,,,,,,,,,,,,,,,,,,,,,,,,,,,,,,,,,,R76,,,,,R76,R76,,,,,,,,,,,,,,,,,,,,,,,,,,,,,,,,,,,,,,,,,,,,
555,,S637,,,,,,,,,,,S638,,,,,,,,,,,,,S639,,,,,,,,,,R64,,,,,R64,R64,,,,,,,,,,,,,,,,,,,,,,,,,,,,,,,,,,,,636,,,,,,,,
556,,,,S555,,,,S556,S557,S558,,,,,,,,,,,,,,,,S559,,,,,,,,,,,,,,,,,S560,,,,,,,,,,,,,,,,,,,,,,,,,,,,,,,,,,551,,,,,,,,640,
557,,,,,,,,,,,,,,,,,,,,,,,,,,,,,,,,,,,,R77,,,,,R77,R77,,,,,,,,,,,,,,,,,,,,,,,,,,,,,,,,,,,,,,,,,,,,
558,,,,,,,,,,,S641,,,,,,,,,,,,,,,,,,,,,,,,,,,,,,,,,,,,,,,,,,,,,,,,,,,,,,,,,,,,,,,,,,,,,,,,,,,
559,,,,S182,,,,S183,S184,S185,,,,,,,,,,,,,,,,S186,,,,,,,,,,,,,,,,,S187,,,,,,,,,,,,,,,,,,,,,,,,,,,,,,,,,,177,,,,,642,179,180,181,
560,,,,S555,,,,S556,S557,S558,,,,,,,,,,,,,,,,S559,,,,,,,,,,,,,,,,,S560,,,,,,,,,,,,,,,,,,,,,,,,,,,,,,,,,,551,,,,,,,,643,
561,,,,,,,,,,,,,,,,,,,,,,,,,,,,,,,,,,,,R73,,,,R73,R73,S446,,,,,,,,,,,,,,,,,,,,,,,,,,,,,,,,,,,,,,,,,,,,
562,,,,,,,,,,,,,,,,,,,,,,,,,,,,,,,,,,,,R75,,,,R75,R75,R75,,,,,,,,,,,,,,,,,,,,,,,,,,,,,,,,,,,,,,,,,,,,
563,,,,,,,,,,,,,,,,,,,,,,,,,,,,,,,,,,,,R62,,,,R62,R62,R62,,,,,,,,,,,,,,,,,,,,,,,,,,,,,,,,,,,,,,,,,,,,
564,,S448,,,,,,,,,,,S449,,,,,,,,,,,,,,,,,,,,,,,R64,,,,R64,R64,R64,,,,,,,,,,,,,,,,,,,,,,,,,,,,,,,,,,,,447,,,,,,,,
565,,,,,S232,,,,,,,,,S644,,,,,,,,,,,,,,,,,,,,,,,,,,,,,,,,,,,,,,,,,,,,,,,,,,,,,,,,,,,,,,,,,,,,,,,,
566,,,,,S245,,,,,,,,,,,,,,,,,,,,,,S645,,,,,,,,,,,,,,,,,,,,,,,,,,,,,,,,,,,,,,,,,,,,,,,,,,,,,,,,,,,
567,,,,,,,,,,,,,,,,,,,,,,,,,,,,,,,,,,,,R83,,,,R83,R83,R83,,,,,,,,,,,,,,,,,,,,,,,,,,,,,,,,,,,,,,,,,,,,
568,,,,,,,,,,,,,,,,,,,,,,,,,,,,,,,,,,,,R80,,,,R80,R80,R80,,,,,,,,,,,,,,,,,,,,,,,,,,,,,,,,,,,,,,,,,,,,
569,,,,,R63,,,,,,,,,,,,,,,,,,,,,,R63,,,,,,,,,,,,,,,,,,,,,,,,,,,,,,,,,,,,,,,,,,,,,,,,,,,,,,,,,,,
570,,,,,,,,,,,,,,,,,,,,,,,,,,,,,,,,,,,,,R73,,,,R73,S459,,,,,,,,,,,,,,,,,,,,,,,,,,,,,,,,,,,,,,,,,,,,
571,,,,,,,,,,,,,,,,,,,,,,,,,,,,,,,,,,,,,R75,,,,R75,R75,,,,,,,,,,,,,,,,,,,,,,,,,,,,,,,,,,,,,,,,,,,,
572,,,,,,,,,,,,,,,,,,,,,,,,,,,,,,,,,,,,,R62,,,,R62,R62,,,,,,,,,,,,,,,,,,,,,,,,,,,,,,,,,,,,,,,,,,,,
573,,S461,,,,,,,,,,,S462,,,,,,,,,,,,,,,,,,,,,,,,R64,,,,R64,R64,,,,,,,,,,,,,,,,,,,,,,,,,,,,,,,,,,,,460,,,,,,,,
574,,,,,S232,,,,,,,,,S646,,,,,,,,,,,,,,,,,,,,,,,,,,,,,,,,,,,,,,,,,,,,,,,,,,,,,,,,,,,,,,,,,,,,,,,,
575,,,,,S245,,,,,,,,,,,,,,,,,,,,,,S647,,,,,,,,,,,,,,,,,,,,,,,,,,,,,,,,,,,,,,,,,,,,,,,,,,,,,,,,,,,
576,,,,,,,,,,,,,,,,,,,,,,,,,,,,,,,,,,,,,R83,,,,R83,R83,,,,,,,,,,,,,,,,,,,,,,,,,,,,,,,,,,,,,,,,,,,,
577,,,,,,,,,,,,,,,,,,,,,,,,,,,,,,,,,,,,,R80,,,,R80,R80,,,,,,,,,,,,,,,,,,,,,,,,,,,,,,,,,,,,,,,,,,,,
578,,,,,,,,,S648,,,,,,,,,,,,,,,,,,,,,,,,,,,,,,,,,,,,,,,,,,,,,,,,,,,,,,,,,,,,,,,,,,,,,,,,,,,,,
579,R20,,,,,,,,,,,,,,,,,,,,,,,,,,,,,,,,,,,,,,,,,,,,,,,,,,,,,,,,,,,,,,,,,,,,,,,,,,,,,,,,,,,,,
580,R22,,,,,,,,,,,,,,,,,,,,,,,,,,,,,,,,,,,,,,,,,,,,,,,,,,,,,,,,,,,,,,,,,,,,,,,,,,,,,,,,,,,,,
581,R26,,,,,,,,,,,,,,,,,,,,,,,,,,,,,,,,,,,,,,,,,,,,,,,,,,,,,,,,,,,,,,,,,,,,,,,,,,,,,,,,,,,,,
582,R73,,,,,,,,,,,,,,,,,,,,,,,,,,,,,R73,,,,,,,,,,,R73,S476,,,,,,,,,,,,,,,,,,,,,,,,,,,,,,,,,,,,,,,,,,,,
583,R75,,,,,,,,,,,,,,,,,,,,,,,,,,,,,R75,,,,,,,,,,,R75,R75,,,,,,,,,,,,,,,,,,,,,,,,,,,,,,,,,,,,,,,,,,,,
584,R62,,,,,,,,,,,,,,,,,,,,,,,,,,,,,R62,,,,,,,,,,,R62,R62,,,,,,,,,,,,,,,,,,,,,,,,,,,,,,,,,,,,,,,,,,,,
585,R64,S478,,,,,,,,,,,S479,,,,,,,,,,,,,,,,,R64,,,,,,,,,,,R64,R64,,,,,,,,,,,,,,,,,,,,,,,,,,,,,,,,,,,,477,,,,,,,,
586,,,,,S232,,,,,,,,,S649,,,,,,,,,,,,,,,,,,,,,,,,,,,,,,,,,,,,,,,,,,,,,,,,,,,,,,,,,,,,,,,,,,,,,,,,
587,,,,,S245,,,,,,,,,,,,,,,,,,,,,,S650,,,,,,,,,,,,,,,,,,,,,,,,,,,,,,,,,,,,,,,,,,,,,,,,,,,,,,,,,,,
588,R83,,,,,,,,,,,,,,,,,,,,,,,,,,,,,R83,,,,,,,,,,,R83,R83,,,,,,,,,,,,,,,,,,,,,,,,,,,,,,,,,,,,,,,,,,,,
589,R80,,,,,,,,,,,,,,,,,,,,,,,,,,,,,R80,,,,,,,,,,,R80,R80,,,,,,,,,,,,,,,,,,,,,,,,,,,,,,,,,,,,,,,,,,,,
590,,,,,R73,,,,,,,,,R73,,,,,,,,,,,,,,,,,,,,,,,,,,,R73,S488,,,,,,,,,,,,,,,,,,,,,,,,,,,,,,,,,,,,,,,,,,,,
591,,,,,R75,,,,,,,,,R75,,,,,,,,,,,,,,,,,,,,,,,,,,,R75,R75,,,,,,,,,,,,,,,,,,,,,,,,,,,,,,,,,,,,,,,,,,,,
592,,,,,R62,,,,,,,,,R62,,,,,,,,,,,,,,,,,,,,,,,,,,,R62,R62,,,,,,,,,,,,,,,,,,,,,,,,,,,,,,,,,,,,,,,,,,,,
593,,S490,,,R64,,,,,,,,S491,R64,,,,,,,,,,,,,,,,,,,,,,,,,,,R64,R64,,,,,,,,,,,,,,,,,,,,,,,,,,,,,,,,,,,,489,,,,,,,,
594,,,,,S232,,,,,,,,,S651,,,,,,,,,,,,,,,,,,,,,,,,,,,,,,,,,,,,,,,,,,,,,,,,,,,,,,,,,,,,,,,,,,,,,,,,
595,,,,,S245,,,,,,,,,,,,,,,,,,,,,,S652,,,,,,,,,,,,,,,,,,,,,,,,,,,,,,,,,,,,,,,,,,,,,,,,,,,,,,,,,,,
596,,,,,R83,,,,,,,,,R83,,,,,,,,,,,,,,,,,,,,,,,,,,,R83,R83,,,,,,,,,,,,,,,,,,,,,,,,,,,,,,,,,,,,,,,,,,,,
597,,,,,R80,,,,,,,,,R80,,,,,,,,,,,,,,,,,,,,,,,,,,,R80,R80,,,,,,,,,,,,,,,,,,,,,,,,,,,,,,,,,,,,,,,,,,,,
598,,,,,R73,,,,,,,,,,,,,,,,,,,,,,R73,,,,,,,,,,,,,,R73,S500,,,,,,,,,,,,,,,,,,,,,,,,,,,,,,,,,,,,,,,,,,,,
599,,,,,R75,,,,,,,,,,,,,,,,,,,,,,R75,,,,,,,,,,,,,,R75,R75,,,,,,,,,,,,,,,,,,,,,,,,,,,,,,,,,,,,,,,,,,,,
600,,,,,R62,,,,,,,,,,,,,,,,,,,,,,R62,,,,,,,,,,,,,,R62,R62,,,,,,,,,,,,,,,,,,,,,,,,,,,,,,,,,,,,,,,,,,,,
601,,S502,,,R64,,,,,,,,S503,,,,,,,,,,,,,,R64,,,,,,,,,,,,,,R64,R64,,,,,,,,,,,,,,,,,,,,,,,,,,,,,,,,,,,,501,,,,,,,,
602,,,,,S232,,,,,,,,,S653,,,,,,,,,,,,,,,,,,,,,,,,,,,,,,,,,,,,,,,,,,,,,,,,,,,,,,,,,,,,,,,,,,,,,,,,
603,,,,,S245,,,,,,,,,,,,,,,,,,,,,,S654,,,,,,,,,,,,,,,,,,,,,,,,,,,,,,,,,,,,,,,,,,,,,,,,,,,,,,,,,,,
604,,,,,R83,,,,,,,,,,,,,,,,,,,,,,R83,,,,,,,,,,,,,,R83,R83,,,,,,,,,,,,,,,,,,,,,,,,,,,,,,,,,,,,,,,,,,,,
605,,,,,R80,,,,,,,,,,,,,,,,,,,,,,R80,,,,,,,,,,,,,,R80,R80,,,,,,,,,,,,,,,,,,,,,,,,,,,,,,,,,,,,,,,,,,,,
606,,,,S659,,,,S660,S661,S662,,,,,,,,,,,,,,,,S663,,,,,,,,,,,,,,,,,S664,,,,,,,,,,,,,,,,,,,,,,,,,,,,,,,,,,655,,,,,,656,657,658,
607,,,,S517,,,,S518,S519,S520,,,,,,,,,,,,,,,,S521,,,,,,,,,,,,,,,,,S522,,,,,,,,,,,,,,,,,,,,,,,,,,,,,,,,,,512,,,,,,,665,516,
608,,,,S517,,,,S518,S519,S520,,,,,,,,,,,,,,,,S521,,,,,,,,,,,,,,,,,S522,,,,,,,,,,,,,,,,,,,,,,,,,,,,,,,,,,512,,,,,,,,666,
609,R61,,,,,,,,,,,,,,,,,,,,,,,,,,,,,R61,,,,R61,,,,,,R61,R61,R61,,,,,,,,,,,,,,,,,,,,,,,,,,,,,,,,,,,,,,,,,,,,
610,,,,S668,,,,,,,,,,,,,,,,,,,,,,,,,,,,,,,,,,,,,,,,,,,,,,,,,,,,,,,,,,,,,,,,,,,,,,,,,667,,,,,,,,,
611,,,,S148,,,,S149,S150,S151,,,,,,,,,,,,,,,,S152,,,,,,,,,,,,,,,,,S153,,,,,,,,,,,,,,,,,,,,,,,,,,,,,,,,,,142,,,,669,144,145,146,147,
612,,,,S160,,,,S161,S162,S163,,,,,,,,,,,,,,,,S164,,,,,,,,,,,,,,,,,S165,,,,,,,,,,,,,,,,,,,,,,,,,,,,,,,,,,154,,,,670,156,157,158,159,
613,R82,,,,,,,,,,,,,,,,,,,,,,,,,,,,,R82,,,,R82,,,,,,R82,R82,R82,,,,,,,,,,,,,,,,,,,,,,,,,,,,,,,,,,,,,,,,,,,,
614,,,,,,,,,,S671,,,,,,,,,,,,,,,,,,,,,,,,,,,,,,,,,,,,,,,,,,,,,,,,,,,,,,,,,,,,,,,,,,,,,,,,,,,,
615,,,,,,,,,,,,,,,,,,,,,,,,,,,S672,,,,,,,,,,,,,,,,,,,,,,,,,,,,,,,,,,,,,,,,,,,,,,,,,,,,,,,,,,,
616,R81,,,,,,,,,,,,,,,,,,,,,,,,,,,,,R81,,,,R81,,,,,,R81,R81,R81,,,,,,,,,,,,,,,,,,,,,,,,,,,,,,,,,,,,,,,,,,,,
617,R66,,,,,,,,,,,,,,,,,,,,,,,,,,,,,R66,,,,R66,,,,,,,,,,,,,,,,,,,,,,,,,,,,,,,,,,,,,,,,,,,,,,,,,,,,
618,R68,,,,,,,,,,,,,,,,,,,,,,,,,,,,,R68,,,,S674,,,,,,,,,,,,,,,,,,,,,,,,,,,,,,,,,,,,,,,,,,,,,,673,,,,,,
619,,,,,,,,,,,,,,,,,,,,,,,,,,,,,,,,,,,,S675,,,,,,,,,,,,,,,,,,,,,,,,,,,,,,,,,,,,,,,,,,,,,,,,,,
620,R55,,,,,,,,,,,,,,,,,,,,,,,,,,,,,R55,,,,R55,,,,,,,,,,,,,,,,,,,,,,,,,,,,,,,,,,,,,,,,,,,,,,,,,,,,
621,R56,,,,,,,,,,,,,,,,,,,,,,,,,,,,,R56,,,,R56,,,,,,,,,,,,,,,,,,,,,,,,,,,,,,,,,,,,,,,,,,,,,,,,,,,,
622,R57,,,,,,,,,,,,,,,,,,,,,,,,,,,,,R57,,,,R57,,,,,,,,,,,,,,,,,,,,,,,,,,,,,,,,,,,,,,,,,,,,,,,,,,,,
623,,,,,,,,,,,,,,,,,,,,,,,,,,,,,,,,,R63,,,,,,,,R63,R63,,,,,,,,,,,,,,,,,,,,,,,,,,,,,,,,,,,,,,,,,,,,
624,,,,,,,,,,,,,,,,,,,,,,,,,,,,,,,,,R79,,,,,,,,R79,R79,,,,,,,,,,,,,,,,,,,,,,,,,,,,,,,,,,,,,,,,,,,,
625,,,,,,,,,,,,,,,,,,,,,,,,,,,R73,,,,,,,,,,,,,,R73,S539,,,,,,,,,,,,,,,,,,,,,,,,,,,,,,,,,,,,,,,,,,,,
626,,,,,,,,,,,,,,,,,,,,,,,,,,,R75,,,,,,,,,,,,,,R75,R75,,,,,,,,,,,,,,,,,,,,,,,,,,,,,,,,,,,,,,,,,,,,
627,,,,,,,,,,,,,,,,,,,,,,,,,,,R62,,,,,,,,,,,,,,R62,R62,,,,,,,,,,,,,,,,,,,,,,,,,,,,,,,,,,,,,,,,,,,,
628,,S541,,,,,,,,,,,S542,,,,,,,,,,,,,,R64,,,,,,,,,,,,,,R64,R64,,,,,,,,,,,,,,,,,,,,,,,,,,,,,,,,,,,,540,,,,,,,,
629,,,,,S232,,,,,,,,,S676,,,,,,,,,,,,,,,,,,,,,,,,,,,,,,,,,,,,,,,,,,,,,,,,,,,,,,,,,,,,,,,,,,,,,,,,
630,,,,,S245,,,,,,,,,,,,,,,,,,,,,,S677,,,,,,,,,,,,,,,,,,,,,,,,,,,,,,,,,,,,,,,,,,,,,,,,,,,,,,,,,,,
631,,,,,,,,,,,,,,,,,,,,,,,,,,,R83,,,,,,,,,,,,,,R83,R83,,,,,,,,,,,,,,,,,,,,,,,,,,,,,,,,,,,,,,,,,,,,
632,,,,,,,,,,,,,,,,,,,,,,,,,,,R80,,,,,,,,,,,,,,R80,R80,,,,,,,,,,,,,,,,,,,,,,,,,,,,,,,,,,,,,,,,,,,,
633,R58,,,S50,,,,,,,,,,,,,,,,,,,,,,,,,S51,R58,,S52,,,S53,,,S54,S55,,,,,,,,S56,,,,,,,,,,,,,,,,,,,,,,,,,,45,,678,,48,,49,,,,,,,
634,,,,S555,,,,S556,S557,S558,,,,,,,,,,,,,,,,S559,,,,,,,,,,,,,,,,,S560,,,,,,,,,,,,,,,,,,,,,,,,,,,,,,,,,,551,,,,,,,679,554,
635,,,,S555,,,,S556,S557,S558,,,,,,,,,,,,,,,,S559,,,,,,,,,,,,,,,,,S560,,,,,,,,,,,,,,,,,,,,,,,,,,,,,,,,,,551,,,,,,,,680,
636,,,,,,,,,,,,,,,,,,,,,,,,,,,,,,,,,,,,R61,,,,,R61,R61,,,,,,,,,,,,,,,,,,,,,,,,,,,,,,,,,,,,,,,,,,,,
637,,,,S682,,,,,,,,,,,,,,,,,,,,,,,,,,,,,,,,,,,,,,,,,,,,,,,,,,,,,,,,,,,,,,,,,,,,,,,,,681,,,,,,,,,
638,,,,S148,,,,S149,S150,S151,,,,,,,,,,,,,,,,S152,,,,,,,,,,,,,,,,,S153,,,,,,,,,,,,,,,,,,,,,,,,,,,,,,,,,,142,,,,683,144,145,146,147,
639,,,,S160,,,,S161,S162,S163,,,,,,,,,,,,,,,,S164,,,,,,,,,,,,,,,,,S165,,,,,,,,,,,,,,,,,,,,,,,,,,,,,,,,,,154,,,,684,156,157,158,159,
640,,,,,,,,,,,,,,,,,,,,,,,,,,,,,,,,,,,,R82,,,,,R82,R82,,,,,,,,,,,,,,,,,,,,,,,,,,,,,,,,,,,,,,,,,,,,
641,,,,,,,,,,S685,,,,,,,,,,,,,,,,,,,,,,,,,,,,,,,,,,,,,,,,,,,,,,,,,,,,,,,,,,,,,,,,,,,,,,,,,,,,
642,,,,,,,,,,,,,,,,,,,,,,,,,,,S686,,,,,,,,,,,,,,,,,,,,,,,,,,,,,,,,,,,,,,,,,,,,,,,,,,,,,,,,,,,
643,,,,,,,,,,,,,,,,,,,,,,,,,,,,,,,,,,,,R81,,,,,R81,R81,,,,,,,,,,,,,,,,,,,,,,,,,,,,,,,,,,,,,,,,,,,,
644,,,,,,,,,,,,,,,,,,,,,,,,,,,,,,,,,,,,R63,,,,R63,R63,R63,,,,,,,,,,,,,,,,,,,,,,,,,,,,,,,,,,,,,,,,,,,,
645,,,,,,,,,,,,,,,,,,,,,,,,,,,,,,,,,,,,R79,,,,R79,R79,R79,,,,,,,,,,,,,,,,,,,,,,,,,,,,,,,,,,,,,,,,,,,,
646,,,,,,,,,,,,,,,,,,,,,,,,,,,,,,,,,,,,,R63,,,,R63,R63,,,,,,,,,,,,,,,,,,,,,,,,,,,,,,,,,,,,,,,,,,,,
647,,,,,,,,,,,,,,,,,,,,,,,,,,,,,,,,,,,,,R79,,,,R79,R79,,,,,,,,,,,,,,,,,,,,,,,,,,,,,,,,,,,,,,,,,,,,
648,,,,,R27,,,,,,,,,R27,,,,,,,,,,,,,,,,,,,,,,,,,,,,,,,,,,,,,,,,,,,,,,,,,,,,,,,,,,,,,,,,,,,,,,,,
649,R63,,,,,,,,,,,,,,,,,,,,,,,,,,,,,R63,,,,,,,,,,,R63,R63,,,,,,,,,,,,,,,,,,,,,,,,,,,,,,,,,,,,,,,,,,,,
650,R79,,,,,,,,,,,,,,,,,,,,,,,,,,,,,R79,,,,,,,,,,,R79,R79,,,,,,,,,,,,,,,,,,,,,,,,,,,,,,,,,,,,,,,,,,,,
651,,,,,R63,,,,,,,,,R63,,,,,,,,,,,,,,,,,,,,,,,,,,,R63,R63,,,,,,,,,,,,,,,,,,,,,,,,,,,,,,,,,,,,,,,,,,,,
652,,,,,R79,,,,,,,,,R79,,,,,,,,,,,,,,,,,,,,,,,,,,,R79,R79,,,,,,,,,,,,,,,,,,,,,,,,,,,,,,,,,,,,,,,,,,,,
653,,,,,R63,,,,,,,,,,,,,,,,,,,,,,R63,,,,,,,,,,,,,,R63,R63,,,,,,,,,,,,,,,,,,,,,,,,,,,,,,,,,,,,,,,,,,,,
654,,,,,R79,,,,,,,,,,,,,,,,,,,,,,R79,,,,,,,,,,,,,,R79,R79,,,,,,,,,,,,,,,,,,,,,,,,,,,,,,,,,,,,,,,,,,,,
655,R78,,,,,,,,,,,,,,,,,,,,,,,,,,,,,R78,,,,R78,,,,,,,R78,R78,,,,,,,,,,,,,,,,,,,,,,,,,,,,,,,,,,,,,,,,,,,,
656,R71,,,,,,,,,,,,,,,,,,,,,,,,,,,,,R71,,,,R71,,,,,,,S687,,,,,,,,,,,,,,,,,,,,,,,,,,,,,,,,,,,,,,,,,,,,,
657,R74,,,,,,,,,,,,,,,,,,,,,,,,,,,,,R74,,,,R74,,,,,,,R74,S688,,,,,,,,,,,,,,,,,,,,,,,,,,,,,,,,,,,,,,,,,,,,
658,R76,,,,,,,,,,,,,,,,,,,,,,,,,,,,,R76,,,,R76,,,,,,,R76,R76,,,,,,,,,,,,,,,,,,,,,,,,,,,,,,,,,,,,,,,,,,,,
659,R64,S690,,,,,,,,,,,S691,,,,,,,,,,,,,S692,,,,R64,,,,R64,,,,,,,R64,R64,,,,,,,,,,,,,,,,,,,,,,,,,,,,,,,,,,,,689,,,,,,,,
660,,,,S659,,,,S660,S661,S662,,,,,,,,,,,,,,,,S663,,,,,,,,,,,,,,,,,S664,,,,,,,,,,,,,,,,,,,,,,,,,,,,,,,,,,655,,,,,,,,693,
661,R77,,,,,,,,,,,,,,,,,,,,,,,,,,,,,R77,,,,R77,,,,,,,R77,R77,,,,,,,,,,,,,,,,,,,,,,,,,,,,,,,,,,,,,,,,,,,,
662,,,,,,,,,,,S694,,,,,,,,,,,,,,,,,,,,,,,,,,,,,,,,,,,,,,,,,,,,,,,,,,,,,,,,,,,,,,,,,,,,,,,,,,,
663,,,,S182,,,,S183,S184,S185,,,,,,,,,,,,,,,,S186,,,,,,,,,,,,,,,,,S187,,,,,,,,,,,,,,,,,,,,,,,,,,,,,,,,,,177,,,,,695,179,180,181,
664,,,,S659,,,,S660,S661,S662,,,,,,,,,,,,,,,,S663,,,,,,,,,,,,,,,,,S664,,,,,,,,,,,,,,,,,,,,,,,,,,,,,,,,,,655,,,,,,,,696,
665,R73,,,,,,,,,,,,,,,,,,,,,,,,,,,,,R73,,,,R73,,,,,,R73,R73,S608,,,,,,,,,,,,,,,,,,,,,,,,,,,,,,,,,,,,,,,,,,,,
666,R75,,,,,,,,,,,,,,,,,,,,,,,,,,,,,R75,,,,R75,,,,,,R75,R75,R75,,,,,,,,,,,,,,,,,,,,,,,,,,,,,,,,,,,,,,,,,,,,
667,R62,,,,,,,,,,,,,,,,,,,,,,,,,,,,,R62,,,,R62,,,,,,R62,R62,R62,,,,,,,,,,,,,,,,,,,,,,,,,,,,,,,,,,,,,,,,,,,,
668,R64,S610,,,,,,,,,,,S611,,,,,,,,,,,,,,,,,R64,,,,R64,,,,,,R64,R64,R64,,,,,,,,,,,,,,,,,,,,,,,,,,,,,,,,,,,,609,,,,,,,,
669,,,,,S232,,,,,,,,,S697,,,,,,,,,,,,,,,,,,,,,,,,,,,,,,,,,,,,,,,,,,,,,,,,,,,,,,,,,,,,,,,,,,,,,,,,
670,,,,,S245,,,,,,,,,,,,,,,,,,,,,,S698,,,,,,,,,,,,,,,,,,,,,,,,,,,,,,,,,,,,,,,,,,,,,,,,,,,,,,,,,,,
671,R83,,,,,,,,,,,,,,,,,,,,,,,,,,,,,R83,,,,R83,,,,,,R83,R83,R83,,,,,,,,,,,,,,,,,,,,,,,,,,,,,,,,,,,,,,,,,,,,
672,R80,,,,,,,,,,,,,,,,,,,,,,,,,,,,,R80,,,,R80,,,,,,R80,R80,R80,,,,,,,,,,,,,,,,,,,,,,,,,,,,,,,,,,,,,,,,,,,,
673,R53,,,,,,,,,,,,,,,,,,,,,,,,,,,,,R53,,,,R53,,,,,,,,,,,,,,,,,,,,,,,,,,,,,,,,,,,,,,,,,,,,,,,,,,,,
674,R58,,,S262,,,,,,,,,,,,,,,,,,,,,,,,,S263,R58,,S264,,R58,S265,,,S266,S267,,,,,,,,S268,,,,,,,,,,,,,,,,,,,,,,,,,,258,,699,,260,,261,,,,,,,
675,,,,S105,,,,S106,S107,S108,,,,,,,,,,,,,,,,S109,,,,,,,,,,,,,,,,,S110,,,,,,,,,,,,,,,,,,,,,,,,,,,,,,,,,,100,,,,,700,102,103,104,
676,,,,,,,,,,,,,,,,,,,,,,,,,,,R63,,,,,,,,,,,,,,R63,R63,,,,,,,,,,,,,,,,,,,,,,,,,,,,,,,,,,,,,,,,,,,,
677,,,,,,,,,,,,,,,,,,,,,,,,,,,R79,,,,,,,,,,,,,,R79,R79,,,,,,,,,,,,,,,,,,,,,,,,,,,,,,,,,,,,,,,,,,,,
678,R54,,,,,,,,,,,,,,,,,,,,,,,,,,,,,R54,,,,,,,,,,,,,,,,,,,,,,,,,,,,,,,,,,,,,,,,,,,,,,,,,,,,,,,,
679,,,,,,,,,,,,,,,,,,,,,,,,,,,,,,,,,,,,R73,,,,,R73,S635,,,,,,,,,,,,,,,,,,,,,,,,,,,,,,,,,,,,,,,,,,,,
680,,,,,,,,,,,,,,,,,,,,,,,,,,,,,,,,,,,,R75,,,,,R75,R75,,,,,,,,,,,,,,,,,,,,,,,,,,,,,,,,,,,,,,,,,,,,
681,,,,,,,,,,,,,,,,,,,,,,,,,,,,,,,,,,,,R62,,,,,R62,R62,,,,,,,,,,,,,,,,,,,,,,,,,,,,,,,,,,,,,,,,,,,,
682,,S637,,,,,,,,,,,S638,,,,,,,,,,,,,,,,,,,,,,,R64,,,,,R64,R64,,,,,,,,,,,,,,,,,,,,,,,,,,,,,,,,,,,,636,,,,,,,,
683,,,,,S232,,,,,,,,,S701,,,,,,,,,,,,,,,,,,,,,,,,,,,,,,,,,,,,,,,,,,,,,,,,,,,,,,,,,,,,,,,,,,,,,,,,
684,,,,,S245,,,,,,,,,,,,,,,,,,,,,,S702,,,,,,,,,,,,,,,,,,,,,,,,,,,,,,,,,,,,,,,,,,,,,,,,,,,,,,,,,,,
685,,,,,,,,,,,,,,,,,,,,,,,,,,,,,,,,,,,,R83,,,,,R83,R83,,,,,,,,,,,,,,,,,,,,,,,,,,,,,,,,,,,,,,,,,,,,
686,,,,,,,,,,,,,,,,,,,,,,,,,,,,,,,,,,,,R80,,,,,R80,R80,,,,,,,,,,,,,,,,,,,,,,,,,,,,,,,,,,,,,,,,,,,,
687,,,,S659,,,,S660,S661,S662,,,,,,,,,,,,,,,,S663,,,,,,,,,,,,,,,,,S664,,,,,,,,,,,,,,,,,,,,,,,,,,,,,,,,,,655,,,,,,,703,658,
688,,,,S659,,,,S660,S661,S662,,,,,,,,,,,,,,,,S663,,,,,,,,,,,,,,,,,S664,,,,,,,,,,,,,,,,,,,,,,,,,,,,,,,,,,655,,,,,,,,704,
689,R61,,,,,,,,,,,,,,,,,,,,,,,,,,,,,R61,,,,R61,,,,,,,R61,R61,,,,,,,,,,,,,,,,,,,,,,,,,,,,,,,,,,,,,,,,,,,,
690,,,,S706,,,,,,,,,,,,,,,,,,,,,,,,,,,,,,,,,,,,,,,,,,,,,,,,,,,,,,,,,,,,,,,,,,,,,,,,,705,,,,,,,,,
691,,,,S148,,,,S149,S150,S151,,,,,,,,,,,,,,,,S152,,,,,,,,,,,,,,,,,S153,,,,,,,,,,,,,,,,,,,,,,,,,,,,,,,,,,142,,,,707,144,145,146,147,
692,,,,S160,,,,S161,S162,S163,,,,,,,,,,,,,,,,S164,,,,,,,,,,,,,,,,,S165,,,,,,,,,,,,,,,,,,,,,,,,,,,,,,,,,,154,,,,708,156,157,158,159,
693,R82,,,,,,,,,,,,,,,,,,,,,,,,,,,,,R82,,,,R82,,,,,,,R82,R82,,,,,,,,,,,,,,,,,,,,,,,,,,,,,,,,,,,,,,,,,,,,
694,,,,,,,,,,S709,,,,,,,,,,,,,,,,,,,,,,,,,,,,,,,,,,,,,,,,,,,,,,,,,,,,,,,,,,,,,,,,,,,,,,,,,,,,
695,,,,,,,,,,,,,,,,,,,,,,,,,,,S710,,,,,,,,,,,,,,,,,,,,,,,,,,,,,,,,,,,,,,,,,,,,,,,,,,,,,,,,,,,
696,R81,,,,,,,,,,,,,,,,,,,,,,,,,,,,,R81,,,,R81,,,,,,,R81,R81,,,,,,,,,,,,,,,,,,,,,,,,,,,,,,,,,,,,,,,,,,,,
697,R63,,,,,,,,,,,,,,,,,,,,,,,,,,,,,R63,,,,R63,,,,,,R63,R63,R63,,,,,,,,,,,,,,,,,,,,,,,,,,,,,,,,,,,,,,,,,,,,
698,R79,,,,,,,,,,,,,,,,,,,,,,,,,,,,,R79,,,,R79,,,,,,R79,R79,R79,,,,,,,,,,,,,,,,,,,,,,,,,,,,,,,,,,,,,,,,,,,,
699,R67,,,,,,,,,,,,,,,,,,,,,,,,,,,,,R67,,,,R67,,,,,,,,,,,,,,,,,,,,,,,,,,,,,,,,,,,,,,,,,,,,,,,,,,,,
700,,,,,,,,,,,,,,,,,,,,,,,,,,,,,,,,,,,,,S711,,,,,,,,,,,,,,,,,,,,,,,,,,,,,,,,,,,,,,,,,,,,,,,,,
701,,,,,,,,,,,,,,,,,,,,,,,,,,,,,,,,,,,,R63,,,,,R63,R63,,,,,,,,,,,,,,,,,,,,,,,,,,,,,,,,,,,,,,,,,,,,
702,,,,,,,,,,,,,,,,,,,,,,,,,,,,,,,,,,,,R79,,,,,R79,R79,,,,,,,,,,,,,,,,,,,,,,,,,,,,,,,,,,,,,,,,,,,,
703,R73,,,,,,,,,,,,,,,,,,,,,,,,,,,,,R73,,,,R73,,,,,,,R73,S688,,,,,,,,,,,,,,,,,,,,,,,,,,,,,,,,,,,,,,,,,,,,
704,R75,,,,,,,,,,,,,,,,,,,,,,,,,,,,,R75,,,,R75,,,,,,,R75,R75,,,,,,,,,,,,,,,,,,,,,,,,,,,,,,,,,,,,,,,,,,,,
705,R62,,,,,,,,,,,,,,,,,,,,,,,,,,,,,R62,,,,R62,,,,,,,R62,R62,,,,,,,,,,,,,,,,,,,,,,,,,,,,,,,,,,,,,,,,,,,,
706,R64,S690,,,,,,,,,,,S691,,,,,,,,,,,,,,,,,R64,,,,R64,,,,,,,R64,R64,,,,,,,,,,,,,,,,,,,,,,,,,,,,,,,,,,,,689,,,,,,,,
707,,,,,S232,,,,,,,,,S712,,,,,,,,,,,,,,,,,,,,,,,,,,,,,,,,,,,,,,,,,,,,,,,,,,,,,,,,,,,,,,,,,,,,,,,,
708,,,,,S245,,,,,,,,,,,,,,,,,,,,,,S713,,,,,,,,,,,,,,,,,,,,,,,,,,,,,,,,,,,,,,,,,,,,,,,,,,,,,,,,,,,
709,R83,,,,,,,,,,,,,,,,,,,,,,,,,,,,,R83,,,,R83,,,,,,,R83,R83,,,,,,,,,,,,,,,,,,,,,,,,,,,,,,,,,,,,,,,,,,,,
710,R80,,,,,,,,,,,,,,,,,,,,,,,,,,,,,R80,,,,R80,,,,,,,R80,R80,,,,,,,,,,,,,,,,,,,,,,,,,,,,,,,,,,,,,,,,,,,,
711,R58,,,S262,,,,,,,,,,,,,,,,,,,,,,,,,S263,R58,,S264,,R58,S265,,,S266,S267,,,,,,,,S268,,,,,,,,,,,,,,,,,,,,,,,,,,258,,714,,260,,261,,,,,,,
712,R63,,,,,,,,,,,,,,,,,,,,,,,,,,,,,R63,,,,R63,,,,,,,R63,R63,,,,,,,,,,,,,,,,,,,,,,,,,,,,,,,,,,,,,,,,,,,,
713,R79,,,,,,,,,,,,,,,,,,,,,,,,,,,,,R79,,,,R79,,,,,,,R79,R79,,,,,,,,,,,,,,,,,,,,,,,,,,,,,,,,,,,,,,,,,,,,
714,R54,,,,,,,,,,,,,,,,,,,,,,,,,,,,,R54,,,,R54,,,,,,,,,,,,,,,,,,,,,,,,,,,,,,,,,,,,,,,,,,,,,,,,,,,,
